"round","datetime","home_team","away_team","home_goal","away_goal","season"
"1",2012-03-07 16:00:00,"Boavista Sport Club (antigo Esporte Clube Barreira) - RJ","América - MG",0,0,2012
"1",2012-03-14 20:30:00,"América - MG","Boavista Sport Club (antigo Esporte Clube Barreira) - RJ",2,1,2012
"1",2012-03-07 19:30:00,"Gama - DF","Ceará - CE",0,2,2012
"1",2012-03-07 20:30:00,"Aquidauanense Futebol Clube - MS","Bahia de Feira - BA",1,0,2012
"1",2012-03-14 20:30:00,"Bahia de Feira - BA","Aquidauanense Futebol Clube - MS",2,0,2012
"1",2012-03-07 20:30:00,"Real Noroeste Capixaba - ES","Betim - MG",0,2,2012
"1",2012-03-07 20:30:00,"Horizonte - CE","América - RN",2,0,2012
"1",2012-03-14 20:30:00,"América - RN","Horizonte - CE",2,0,2012
"1",2012-03-07 20:30:00,"Trem - AP","A.b.c. - RN",0,5,2012
"1",2012-03-07 20:30:00,"Operario Ferroviario Esporte C - PR","Juventude - RS",0,4,2012
"1",2012-03-07 20:30:00,"Luverdense - MT","Paraná - PR",2,2,2012
"1",2012-03-14 20:30:00,"Paraná - PR","Luverdense - MT",2,0,2012
"1",2012-03-07 20:30:00,"Gurupi - TO","Atlético - GO",0,1,2012
"1",2012-03-15 20:30:00,"Atlético - GO","Gurupi - TO",4,2,2012
"1",2012-03-07 20:30:00,"Real - RR","Remo - PA",0,0,2012
"1",2012-03-14 20:30:00,"Remo - PA","Real - RR",3,0,2012
"1",2012-03-07 20:30:00,"Brasiliense - DF","Guarani - SP",2,0,2012
"1",2012-03-14 20:30:00,"Guarani - SP","Brasiliense - DF",3,0,2012
"1",2012-03-07 20:30:00,"Espigão - RO","Paysandu - PA",1,3,2012
"1",2012-03-07 20:30:00,"Sampaio Correa - MA","Atlético - PR",2,1,2012
"1",2012-03-15 19:30:00,"Atlético - PR","Sampaio Correa - MA",1,0,2012
"1",2012-03-07 22:00:00,"Auto Esporte - PB","Bahia - BA",0,3,2012
"1",2012-03-07 22:00:00,"Penarol - AM","Santa Cruz - PE",1,2,2012
"1",2012-03-14 20:30:00,"Santa Cruz - PE","Penarol - AM",2,3,2012
"1",2012-03-07 22:00:00,"Comercial - PI","Fortaleza - CE",2,3,2012
"1",2012-03-21 20:30:00,"Fortaleza - CE","Comercial - PI",3,0,2012
"1",2012-03-07 22:00:00,"Independente - PA","São Paulo - SP",0,1,2012
"1",2012-03-14 19:30:00,"São Paulo - SP","Independente - PA",4,0,2012
"1",2012-03-07 22:00:00,"River Plate - SE","Grêmio - RS",2,3,2012
"1",2012-03-21 19:30:00,"Grêmio - RS","River Plate - SE",3,1,2012
"1",2012-03-07 22:00:00,"Rio Branco - AC","Cruzeiro - MG",0,6,2012
"1",2012-03-08 19:30:00,"Paulista Futebol Clube - SP","Goiás - GO",2,3,2012
"1",2012-03-21 20:30:00,"Goiás - GO","Paulista Futebol Clube - SP",3,0,2012
"1",2012-03-08 20:30:00,"Sao Domingos Futebol Clube - SE","Vitória - BA",0,0,2012
"1",2012-03-14 20:30:00,"Vitória - BA","Sao Domingos Futebol Clube - SE",2,0,2012
"1",2012-03-08 21:50:00,"Cuiabá - MT","Portuguesa - SP",1,1,2012
"1",2012-03-21 19:30:00,"Portuguesa - SP","Cuiabá - MT",4,0,2012
"1",2012-03-14 15:45:00,"Santa Quiteria Futebol Clube - MA","A.s.a. - AL",2,3,2012
"1",2012-03-21 20:30:00,"A.s.a. - AL","Santa Quiteria Futebol Clube - MA",2,1,2012
"1",2012-03-14 16:00:00,"Madureira - RJ","Criciuma - SC",0,2,2012
"1",2012-03-14 19:30:00,"Gremio Esportivo Sapucaiense - RS","Ponte Preta - SP",0,0,2012
"1",2012-03-21 19:30:00,"Ponte Preta - SP","Gremio Esportivo Sapucaiense - RS",5,2,2012
"1",2012-03-14 20:30:00,"Nacional - AM","Coritiba - PR",0,0,2012
"1",2012-03-22 19:30:00,"Coritiba - PR","Nacional - AM",2,0,2012
"1",2012-03-14 20:30:00,"Sao Mateus Es - ES","Chapecoense - SC",2,1,2012
"1",2012-03-21 20:30:00,"Chapecoense - SC","Sao Mateus Es - ES",3,1,2012
"1",2012-03-14 22:00:00,"Coruripe - AL","Palmeiras - SP",0,1,2012
"1",2012-03-21 19:30:00,"Palmeiras - SP","Coruripe - AL",3,0,2012
"1",2012-03-14 22:00:00,"Cene - MS","Atlético - MG",1,3,2012
"1",2012-03-14 22:00:00,"Treze - PB","Botafogo - RJ",1,1,2012
"1",2012-03-21 22:00:00,"Botafogo - RJ","Treze - PB",1,1,2012
"1",2012-03-14 22:00:00,"Iv de Julho - PI","Sport - PE",0,2,2012
"1",2012-03-15 22:00:00,"Santa Cruz - RN","Náutico - PE",1,3,2012
"2",2012-04-04 19:30:00,"Betim - MG","Grêmio - RS",0,1,2012
"2",2012-04-11 19:30:00,"Grêmio - RS","Betim - MG",3,0,2012
"2",2012-04-04 20:30:00,"A.s.a. - AL","Coritiba - PR",1,0,2012
"2",2012-04-11 19:30:00,"Coritiba - PR","A.s.a. - AL",3,0,2012
"2",2012-04-04 20:30:00,"Juventude - RS","Portuguesa - SP",2,0,2012
"2",2012-04-12 19:30:00,"Portuguesa - SP","Juventude - RS",4,0,2012
"2",2012-04-04 21:50:00,"Horizonte - CE","Palmeiras - SP",1,3,2012
"2",2012-04-04 21:50:00,"Guarani - SP","Botafogo - RJ",1,2,2012
"2",2012-04-18 21:50:00,"Botafogo - RJ","Guarani - SP",0,0,2012
"2",2012-04-04 21:50:00,"Paysandu - PA","Sport - PE",2,1,2012
"2",2012-04-11 22:00:00,"Sport - PE","Paysandu - PA",1,4,2012
"2",2012-04-04 21:50:00,"América - MG","Goiás - GO",0,0,2012
"2",2012-04-11 22:00:00,"Goiás - GO","América - MG",4,3,2012
"2",2012-04-05 19:30:00,"Criciuma - SC","Atlético - PR",1,2,2012
"2",2012-04-12 19:30:00,"Atlético - PR","Criciuma - SC",5,1,2012
"2",2012-04-05 21:50:00,"Atlético - GO","Ponte Preta - SP",2,1,2012
"2",2012-04-18 19:30:00,"Ponte Preta - SP","Atlético - GO",2,1,2012
"2",2012-04-11 20:30:00,"A.b.c. - RN","Vitória - BA",1,1,2012
"2",2012-04-18 21:50:00,"Vitória - BA","A.b.c. - RN",3,2,2012
"2",2012-04-11 20:30:00,"Penarol - AM","Atlético - MG",0,5,2012
"2",2012-04-11 22:00:00,"Bahia de Feira - BA","São Paulo - SP",2,5,2012
"2",2012-04-11 22:00:00,"Remo - PA","Bahia - BA",2,1,2012
"2",2012-04-19 19:30:00,"Bahia - BA","Remo - PA",4,0,2012
"2",2012-04-11 22:00:00,"Chapecoense - SC","Cruzeiro - MG",1,1,2012
"2",2012-04-18 21:50:00,"Cruzeiro - MG","Chapecoense - SC",4,1,2012
"2",2012-04-11 22:00:00,"Ceará - CE","Paraná - PR",2,2,2012
"2",2012-04-18 21:50:00,"Paraná - PR","Ceará - CE",1,1,2012
"2",2012-04-12 20:30:00,"Fortaleza - CE","Náutico - PE",4,0,2012
"2",2012-04-18 21:50:00,"Náutico - PE","Fortaleza - CE",2,1,2012
"3",2012-04-25 19:30:00,"Portuguesa - SP","Bahia - BA",0,0,2012
"3",2012-05-10 19:30:00,"Bahia - BA","Portuguesa - SP",2,0,2012
"3",2012-04-25 21:50:00,"Paraná - PR","Palmeiras - SP",1,2,2012
"3",2012-05-09 22:00:00,"Palmeiras - SP","Paraná - PR",4,0,2012
"3",2012-04-25 21:50:00,"Goiás - GO","Atlético - MG",2,0,2012
"3",2012-05-03 21:50:00,"Atlético - MG","Goiás - GO",2,1,2012
"3",2012-04-26 19:30:00,"Coritiba - PR","Paysandu - PA",4,1,2012
"3",2012-05-03 19:30:00,"Paysandu - PA","Coritiba - PR",0,1,2012
"3",2012-05-02 19:30:00,"Fortaleza - CE","Grêmio - RS",0,2,2012
"3",2012-05-09 22:00:00,"Grêmio - RS","Fortaleza - CE",2,0,2012
"3",2012-05-02 21:50:00,"Atlético - PR","Cruzeiro - MG",1,0,2012
"3",2012-05-09 22:00:00,"Cruzeiro - MG","Atlético - PR",1,2,2012
"3",2012-05-02 21:50:00,"Ponte Preta - SP","São Paulo - SP",1,0,2012
"3",2012-05-10 21:50:00,"São Paulo - SP","Ponte Preta - SP",3,1,2012
"3",2012-05-02 21:50:00,"Vitória - BA","Botafogo - RJ",1,1,2012
"3",2012-05-09 19:30:00,"Botafogo - RJ","Vitória - BA",1,2,2012
"4",2012-05-16 19:30:00,"Atlético - PR","Palmeiras - SP",2,2,2012
"4",2012-05-23 19:30:00,"Palmeiras - SP","Atlético - PR",2,0,2012
"4",2012-05-16 21:50:00,"São Paulo - SP","Goiás - GO",2,0,2012
"4",2012-05-23 22:00:00,"Goiás - GO","São Paulo - SP",2,2,2012
"4",2012-05-16 21:50:00,"Vitória - BA","Coritiba - PR",0,0,2012
"4",2012-05-23 22:00:00,"Coritiba - PR","Vitória - BA",4,1,2012
"4",2012-05-17 21:00:00,"Bahia - BA","Grêmio - RS",1,2,2012
"4",2012-05-24 21:00:00,"Grêmio - RS","Bahia - BA",2,0,2012
"5",2012-06-13 21:50:00,"Grêmio - RS","Palmeiras - SP",0,2,2012
"5",2012-06-21 21:00:00,"Palmeiras - SP","Grêmio - RS",1,1,2012
"5",2012-06-14 21:00:00,"São Paulo - SP","Coritiba - PR",1,0,2012
"5",2012-06-20 21:50:00,"Coritiba - PR","São Paulo - SP",2,0,2012
"6",2012-07-05 21:50:00,"Palmeiras - SP","Coritiba - PR",2,0,2012
"6",2012-07-11 21:50:00,"Coritiba - PR","Palmeiras - SP",1,1,2012
"1",2013-02-27 20:00:00,"Atlético - AC","Desportiva Ferroviaria - ES",1,1,2013
"1",2013-03-13 20:30:00,"Desportiva Ferroviaria - ES","Atlético - AC",5,4,2013
"2",2013-04-03 16:00:00,"Resende - RJ","Ser Caxias - RS",2,1,2013
"2",2013-04-18 20:30:00,"Ser Caxias - RS","Resende - RJ",0,0,2013
"2",2013-04-03 16:00:00,"Ceilândia - DF","Ceará - CE",0,0,2013
"2",2013-04-10 22:00:00,"Ceará - CE","Ceilândia - DF",4,3,2013
"2",2013-04-03 16:00:00,"Bangu - RJ","Betim - MG",1,2,2013
"2",2013-04-17 20:30:00,"Betim - MG","Bangu - RJ",1,0,2013
"2",2013-04-03 19:30:00,"Brasil - RS","Atlético Paranaense - PR",0,1,2013
"2",2013-04-17 19:30:00,"Atlético Paranaense - PR","Brasil - RS",2,0,2013
"2",2013-04-03 20:30:00,"Guarani - CE","Santa Cruz - PE",1,2,2013
"2",2013-04-10 20:30:00,"Santa Cruz - PE","Guarani - CE",2,0,2013
"2",2013-04-03 20:30:00,"Veranopolis - RS","Santo André - SP",1,0,2013
"2",2013-04-17 15:00:00,"Santo André - SP","Veranopolis - RS",2,0,2013
"2",2013-04-03 20:30:00,"Cianorte - PR","Grêmio Barueri - SP",2,1,2013
"2",2013-04-17 20:30:00,"Grêmio Barueri - SP","Cianorte - PR",0,3,2013
"2",2013-04-03 20:30:00,"Noroeste - SP","Criciuma - SC",0,0,2013
"2",2013-04-17 20:30:00,"Criciuma - SC","Noroeste - SP",3,0,2013
"2",2013-04-03 21:30:00,"Nacional - AM","Aguia - PA",2,0,2013
"2",2013-04-10 20:30:00,"Aguia - PA","Nacional - AM",1,2,2013
"2",2013-04-03 22:00:00,"Naviraiense - MS","Portuguesa - SP",0,0,2013
"2",2013-04-16 21:50:00,"Portuguesa - SP","Naviraiense - MS",1,1,2013
"2",2013-04-03 22:00:00,"Remo - PA","Flamengo - RJ",0,1,2013
"2",2013-04-17 22:00:00,"Flamengo - RJ","Remo - PA",3,0,2013
"2",2013-04-03 22:00:00,"Vitória da Conquista - BA","Sport - PE",0,1,2013
"2",2013-04-17 22:00:00,"Sport - PE","Vitória da Conquista - BA",2,0,2013
"2",2013-04-03 22:00:00,"Rio Branco - AC","Internacional - RS",0,2,2013
"2",2013-04-04 21:50:00,"Itabaiana - SE","Ponte Preta - SP",0,3,2013
"2",2013-04-10 20:29:00,"Gurupi - TO","América - MG",2,3,2013
"2",2013-04-17 20:30:00,"América - MG","Gurupi - TO",0,0,2013
"2",2013-04-10 20:30:00,"Salgueiro - PE","Boa - MG",2,0,2013
"2",2013-04-17 20:30:00,"Boa - MG","Salgueiro - PE",2,2,2013
"2",2013-04-10 20:30:00,"Arapongas Esporte Clube - PR","São Caetano - SP",1,0,2013
"2",2013-04-17 20:30:00,"São Caetano - SP","Arapongas Esporte Clube - PR",1,0,2013
"2",2013-04-10 20:30:00,"Cametá - PA","Atlético - GO",0,7,2013
"2",2013-04-10 20:30:00,"Aracruz - ES","Joinville - SC",1,1,2013
"2",2013-04-17 20:30:00,"Joinville - SC","Aracruz - ES",1,0,2013
"2",2013-04-10 20:30:00,"Desportiva Ferroviaria - ES","Figueirense - SC",1,4,2013
"2",2013-04-10 20:30:00,"Volta Redonda - RJ","Avaí - SC",1,0,2013
"2",2013-04-24 19:30:00,"Avaí - SC","Volta Redonda - RJ",4,1,2013
"2",2013-04-10 20:30:00,"Campinense - PB","Sampaio Correa - MA",0,1,2013
"2",2013-04-17 20:30:00,"Sampaio Correa - MA","Campinense - PB",0,1,2013
"2",2013-04-10 20:30:00,"Luziania - DF","Fortaleza - CE",0,0,2013
"2",2013-04-17 22:00:00,"Fortaleza - CE","Luziania - DF",0,0,2013
"2",2013-04-10 20:30:00,"Santa Cruz - RN","A.s.a. - AL",0,0,2013
"2",2013-04-25 20:30:00,"A.s.a. - AL","Santa Cruz - RN",2,1,2013
"2",2013-04-10 20:30:00,"Oratorio - AP","Goiás - GO",1,3,2013
"2",2013-04-10 20:30:00,"Confiança - SE","Guarani - SP",1,0,2013
"2",2013-04-17 20:30:00,"Guarani - SP","Confiança - SE",1,0,2013
"2",2013-04-10 20:30:00,"Tupi - MG","Luverdense - MT",1,0,2013
"2",2013-04-17 22:00:00,"Luverdense - MT","Tupi - MG",3,0,2013
"2",2013-04-10 21:00:00,"Ji-paraná - RO","América - RN",0,1,2013
"2",2013-04-25 20:30:00,"América - RN","Ji-paraná - RO",1,0,2013
"2",2013-04-10 21:00:00,"São Raimundo - RR","Paysandu - PA",0,2,2013
"2",2013-04-10 21:30:00,"Fast Clube - AM","C.r.b. - AL",1,1,2013
"2",2013-04-25 20:30:00,"C.r.b. - AL","Fast Clube - AM",2,1,2013
"2",2013-04-10 22:00:00,"C.s.a. - AL","Cruzeiro - MG",0,3,2013
"2",2013-04-10 22:00:00,"C.r.a.c. - GO","Náutico - PE",3,1,2013
"2",2013-04-18 20:30:00,"Náutico - PE","C.r.a.c. - GO",1,1,2013
"2",2013-04-10 22:00:00,"Aguia Negra - MS","Bragantino - SP",0,2,2013
"2",2013-04-10 22:00:00,"Mixto - MT","Vitória - BA",2,1,2013
"2",2013-04-16 19:30:00,"Vitória - BA","Mixto - MT",5,1,2013
"2",2013-04-10 22:00:00,"Flamengo do Piauí - PI","Santos - SP",2,2,2013
"2",2013-04-17 22:00:00,"Santos - SP","Flamengo do Piauí - PI",2,0,2013
"2",2013-04-11 19:30:00,"Maranhão - MA","Bahia - BA",0,2,2013
"2",2013-04-11 20:30:00,"Parnahyba S.c - PI","Abc - RN",1,3,2013
"2",2013-04-11 21:30:00,"Sao Bernardo - SP","Paraná - PR",1,1,2013
"2",2013-04-24 19:30:00,"Paraná - PR","Sao Bernardo - SP",2,3,2013
"2",2013-04-17 19:30:00,"Sobradinho - DF","Botafogo - RJ",0,0,2013
"2",2013-04-24 19:30:00,"Botafogo - RJ","Sobradinho - DF",2,0,2013
"2",2013-05-01 19:30:00,"Souza - PB","Coritiba - PR",0,3,2013
"3",2013-05-01 15:00:00,"Santo André - SP","Goiás - GO",2,3,2013
"3",2013-05-15 19:30:00,"Goiás - GO","Santo André - SP",1,0,2013
"3",2013-05-01 16:00:00,"C.r.a.c. - GO","Betim - MG",3,2,2013
"3",2013-05-15 20:30:00,"Betim - MG","C.r.a.c. - GO",0,1,2013
"3",2013-05-01 16:00:00,"Cianorte - PR","Atlético - GO",1,3,2013
"3",2013-05-01 21:50:00,"Campinense - PB","Flamengo - RJ",1,2,2013
"3",2013-05-15 22:00:00,"Flamengo - RJ","Campinense - PB",2,1,2013
"3",2013-05-01 21:50:00,"A.s.a. - AL","Ceará - CE",3,0,2013
"3",2013-05-08 22:00:00,"Ceará - CE","A.s.a. - AL",3,0,2013
"3",2013-05-01 21:50:00,"Santa Cruz - PE","Internacional - RS",0,0,2013
"3",2013-05-15 22:00:00,"Internacional - RS","Santa Cruz - PE",2,0,2013
"3",2013-05-01 21:50:00,"Resende - RJ","Cruzeiro - MG",1,2,2013
"3",2013-05-22 22:00:00,"Cruzeiro - MG","Resende - RJ",4,0,2013
"3",2013-05-02 19:30:00,"C.r.b. - AL","Botafogo - RJ",0,0,2013
"3",2013-05-22 22:00:00,"Botafogo - RJ","C.r.b. - AL",3,0,2013
"3",2013-05-07 19:30:00,"Sao Bernardo - SP","Criciuma - SC",1,1,2013
"3",2013-05-15 19:30:00,"Criciuma - SC","Sao Bernardo - SP",3,1,2013
"3",2013-05-07 21:50:00,"América - MG","Avaí - SC",0,1,2013
"3",2013-05-16 19:30:00,"Avaí - SC","América - MG",0,3,2013
"3",2013-05-08 19:30:00,"Arapongas Esporte Clube - PR","Figueirense - SC",0,0,2013
"3",2013-05-22 20:30:00,"Figueirense - SC","Arapongas Esporte Clube - PR",3,1,2013
"3",2013-05-08 20:30:00,"Confiança - SE","Fortaleza - CE",1,1,2013
"3",2013-05-23 19:30:00,"Fortaleza - CE","Confiança - SE",4,0,2013
"3",2013-05-08 22:00:00,"Luverdense - MT","Bahia - BA",2,0,2013
"3",2013-05-15 22:00:00,"Bahia - BA","Luverdense - MT",1,0,2013
"3",2013-05-08 22:00:00,"Abc - RN","Sport - PE",2,0,2013
"3",2013-05-21 21:00:00,"Sport - PE","Abc - RN",2,3,2013
"3",2013-05-08 22:00:00,"Joinville - SC","Santos - SP",0,1,2013
"3",2013-05-22 22:00:00,"Santos - SP","Joinville - SC",0,0,2013
"3",2013-05-08 22:00:00,"Naviraiense - MS","Paysandu - PA",0,1,2013
"3",2013-05-15 20:30:00,"Paysandu - PA","Naviraiense - MS",0,2,2013
"3",2013-05-09 19:30:00,"América - RN","Atlético Paranaense - PR",2,6,2013
"3",2013-05-09 21:50:00,"Bragantino - SP","Ponte Preta - SP",1,3,2013
"3",2013-05-15 19:30:00,"Salgueiro - PE","Vitória - BA",0,0,2013
"3",2013-05-22 19:30:00,"Vitória - BA","Salgueiro - PE",1,1,2013
"3",2013-05-15 21:30:00,"Nacional - AM","Coritiba - PR",4,1,2013
"3",2013-05-23 19:30:00,"Coritiba - PR","Nacional - AM",1,0,2013
"4",2013-07-02 19:30:00,"Salgueiro - PE","Criciuma - SC",0,0,2013
"4",2013-07-17 19:30:00,"Criciuma - SC","Salgueiro - PE",1,1,2013
"4",2013-07-03 21:50:00,"Botafogo - RJ","Figueirense - SC",1,0,2013
"4",2013-07-24 21:50:00,"Figueirense - SC","Botafogo - RJ",1,0,2013
"4",2013-07-03 21:50:00,"Goiás - GO","Abc - RN",3,0,2013
"4",2013-07-17 21:50:00,"Abc - RN","Goiás - GO",1,1,2013
"4",2013-07-09 21:50:00,"Cruzeiro - MG","Atlético - GO",5,0,2013
"4",2013-07-17 19:30:00,"Atlético - GO","Cruzeiro - MG",0,1,2013
"4",2013-07-10 19:00:00,"Fortaleza - CE","Luverdense - MT",0,0,2013
"4",2013-07-18 21:50:00,"Luverdense - MT","Fortaleza - CE",2,1,2013
"4",2013-07-10 19:30:00,"Ponte Preta - SP","Nacional - AM",0,1,2013
"4",2013-07-24 21:30:00,"Nacional - AM","Ponte Preta - SP",1,0,2013
"4",2013-07-10 21:50:00,"Santos - SP","C.r.a.c. - GO",1,1,2013
"4",2013-07-24 21:50:00,"C.r.a.c. - GO","Santos - SP",0,2,2013
"4",2013-07-10 21:50:00,"A.s.a. - AL","Flamengo - RJ",0,2,2013
"4",2013-07-17 21:50:00,"Flamengo - RJ","A.s.a. - AL",2,1,2013
"4",2013-07-10 21:50:00,"Internacional - RS","América - MG",3,1,2013
"4",2013-07-17 21:50:00,"América - MG","Internacional - RS",1,1,2013
"4",2013-07-17 19:30:00,"Paysandu - PA","Atlético Paranaense - PR",0,0,2013
"4",2013-07-24 19:30:00,"Atlético Paranaense - PR","Paysandu - PA",2,1,2013
"5",2013-08-20 21:50:00,"Nacional - AM","Vasco da Gama - RJ",0,2,2013
"5",2013-08-29 21:50:00,"Vasco da Gama - RJ","Nacional - AM",2,1,2013
"5",2013-08-21 19:30:00,"Palmeiras - SP","Atlético Paranaense - PR",1,0,2013
"5",2013-08-28 21:50:00,"Atlético Paranaense - PR","Palmeiras - SP",3,0,2013
"5",2013-08-21 19:30:00,"Santos - SP","Grêmio - RS",1,0,2013
"5",2013-08-28 21:50:00,"Grêmio - RS","Santos - SP",2,0,2013
"5",2013-08-21 21:50:00,"Luverdense - MT","Corinthians - SP",1,0,2013
"5",2013-08-28 21:50:00,"Corinthians - SP","Luverdense - MT",2,0,2013
"5",2013-08-21 21:50:00,"Fluminense - RJ","Goiás - GO",1,0,2013
"5",2013-08-28 19:30:00,"Goiás - GO","Fluminense - RJ",2,0,2013
"5",2013-08-21 21:50:00,"Cruzeiro - MG","Flamengo - RJ",2,1,2013
"5",2013-08-28 21:50:00,"Flamengo - RJ","Cruzeiro - MG",1,0,2013
"5",2013-08-22 19:30:00,"Internacional - RS","Salgueiro - PE",3,0,2013
"5",2013-08-29 21:50:00,"Salgueiro - PE","Internacional - RS",2,2,2013
"5",2013-08-22 21:50:00,"Botafogo - RJ","Atlético - MG",4,2,2013
"5",2013-08-28 19:30:00,"Atlético - MG","Botafogo - RJ",2,2,2013
"6",2013-09-25 21:50:00,"Corinthians - SP","Grêmio - RS",0,0,2013
"6",2013-10-23 21:50:00,"Grêmio - RS","Corinthians - SP",0,0,2013
"6",2013-09-25 21:50:00,"Goiás - GO","Vasco da Gama - RJ",2,1,2013
"6",2013-10-24 21:00:00,"Vasco da Gama - RJ","Goiás - GO",3,2,2013
"6",2013-09-25 21:50:00,"Botafogo - RJ","Flamengo - RJ",1,1,2013
"6",2013-10-23 21:50:00,"Flamengo - RJ","Botafogo - RJ",4,0,2013
"6",2013-09-26 21:00:00,"Internacional - RS","Atlético Paranaense - PR",1,1,2013
"6",2013-10-23 21:50:00,"Atlético Paranaense - PR","Internacional - RS",0,0,2013
"7",2013-10-30 21:50:00,"Atlético Paranaense - PR","Grêmio - RS",1,0,2013
"7",2013-11-06 21:50:00,"Grêmio - RS","Atlético Paranaense - PR",0,0,2013
"7",2013-10-30 21:50:00,"Goiás - GO","Flamengo - RJ",1,2,2013
"7",2013-11-06 21:50:00,"Flamengo - RJ","Goiás - GO",2,1,2013
"8",2013-11-20 21:50:00,"Atlético Paranaense - PR","Flamengo - RJ",1,1,2013
"8",2013-11-27 21:50:00,"Flamengo - RJ","Atlético Paranaense - PR",2,0,2013
"1",2014-02-19 20:30:00,"Real Noroeste Capixaba - ES","Rio Branco - AC",1,1,2014
"1",2014-02-26 21:30:00,"Rio Branco - AC","Real Noroeste Capixaba - ES",1,0,2014
"2",2014-03-12 19:30:00,"Vilhena - RO","Palmeiras - SP",0,1,2014
"2",2014-04-02 22:00:00,"Palmeiras - SP","Vilhena - RO",2,0,2014
"2",2014-03-12 20:30:00,"Sergipe - SE","Náutico - PE",1,0,2014
"2",2014-04-09 19:30:00,"Náutico - PE","Sergipe - SE",1,0,2014
"2",2014-03-12 20:30:00,"Goianesia - GO","Grêmio Barueri - SP",2,2,2014
"2",2014-04-09 20:30:00,"Grêmio Barueri - SP","Goianesia - GO",0,0,2014
"2",2014-03-12 20:30:00,"Sao Luiz - RS","Nacional - AM",2,2,2014
"2",2014-04-09 21:30:00,"Nacional - AM","Sao Luiz - RS",2,1,2014
"2",2014-03-12 20:30:00,"Juazeiro - BA","Tupi - MG",0,2,2014
"2",2014-03-12 20:30:00,"Tombense - MG","Treze - PB",1,1,2014
"2",2014-04-09 20:30:00,"Treze - PB","Tombense - MG",2,1,2014
"2",2014-03-12 20:30:00,"Interporto - TO","Sampaio Correa - MA",2,2,2014
"2",2014-04-09 20:30:00,"Sampaio Correa - MA","Interporto - TO",3,1,2014
"2",2014-03-12 20:30:00,"Desportiva - ES","Abc - RN",1,0,2014
"2",2014-04-02 20:30:00,"Abc - RN","Desportiva - ES",4,1,2014
"2",2014-03-12 20:30:00,"Flamengo - PI","Atlético - GO",0,1,2014
"2",2014-04-09 20:30:00,"Atlético - GO","Flamengo - PI",2,2,2014
"2",2014-03-12 21:30:00,"Nautico - RR","Ponte Preta - SP",1,4,2014
"2",2014-03-12 22:00:00,"Remo - PA","Internacional - RS",1,6,2014
"2",2014-03-12 22:00:00,"C.s.a. - AL","São Paulo - SP",0,1,2014
"2",2014-04-09 22:00:00,"São Paulo - SP","C.s.a. - AL",3,0,2014
"2",2014-03-13 21:30:00,"Rondonopolis - MT","C. R. B. - AL",2,2,2014
"2",2014-04-09 20:30:00,"C. R. B. - AL","Rondonopolis - MT",2,0,2014
"2",2014-03-13 21:50:00,"Cene - MS","Coritiba - PR",2,2,2014
"2",2014-04-16 19:30:00,"Coritiba - PR","Cene - MS",2,0,2014
"2",2014-03-19 19:30:00,"Londrina - PR","Criciuma - SC",2,0,2014
"2",2014-04-10 19:30:00,"Criciuma - SC","Londrina - PR",2,1,2014
"2",2014-03-19 19:30:00,"J. Malucelli - PR","Vitória - BA",1,1,2014
"2",2014-04-24 19:30:00,"Vitória - BA","J. Malucelli - PR",1,1,2014
"2",2014-03-19 22:00:00,"Villa Nova - MG","Bahia - BA",1,1,2014
"2",2014-04-30 19:30:00,"Bahia - BA","Villa Nova - MG",2,0,2014
"2",2014-03-19 22:00:00,"Bahia de Feira - BA","Corinthians - SP",0,2,2014
"2",2014-03-20 19:30:00,"Sao Bernardo - SP","Paraná - PR",1,1,2014
"2",2014-04-10 19:30:00,"Paraná - PR","Sao Bernardo - SP",3,1,2014
"2",2014-03-20 21:50:00,"Horizonte - CE","Fluminense - RJ",3,1,2014
"2",2014-04-10 19:30:00,"Fluminense - RJ","Horizonte - CE",5,0,2014
"2",2014-04-02 15:15:00,"Santa Rita - AL","Guarani - SP",0,0,2014
"2",2014-04-09 15:00:00,"Guarani - SP","Santa Rita - AL",1,2,2014
"2",2014-04-02 16:00:00,"Boavista - RJ","América - RN",1,2,2014
"2",2014-04-23 19:30:00,"América - RN","Boavista - RJ",2,0,2014
"2",2014-04-02 19:30:00,"Botafogo - PB","Goiás - GO",2,0,2014
"2",2014-04-16 22:00:00,"Goiás - GO","Botafogo - PB",0,0,2014
"2",2014-04-02 19:30:00,"Potiguar - RN","Portuguesa - SP",1,0,2014
"2",2014-04-09 19:30:00,"Portuguesa - SP","Potiguar - RN",2,1,2014
"2",2014-04-02 20:30:00,"Caldense - MG","Duque de Caxias - RJ",2,0,2014
"2",2014-04-16 20:30:00,"Duque de Caxias - RJ","Caldense - MG",2,2,2014
"2",2014-04-02 20:30:00,"Barbalha - CE","Cuiabá - MT",0,0,2014
"2",2014-04-16 21:30:00,"Cuiabá - MT","Barbalha - CE",2,0,2014
"2",2014-04-02 20:30:00,"Lajeadense - RS","Bragantino - SP",0,0,2014
"2",2014-04-09 20:30:00,"Bragantino - SP","Lajeadense - RS",1,0,2014
"2",2014-04-02 20:30:00,"Santos - AP","América - MG",0,3,2014
"2",2014-04-02 20:30:00,"Maranhão - MA","Paysandu - PA",2,2,2014
"2",2014-04-16 20:30:00,"Paysandu - PA","Maranhão - MA",2,1,2014
"2",2014-04-02 21:30:00,"Plácido de Castro - AC","Figueirense - SC",0,0,2014
"2",2014-04-09 20:30:00,"Figueirense - SC","Plácido de Castro - AC",3,1,2014
"2",2014-04-02 21:50:00,"Naviraiense - MS","Avaí - SC",1,4,2014
"2",2014-04-02 22:00:00,"Mixto - MT","Santos - SP",0,0,2014
"2",2014-04-16 22:00:00,"Santos - SP","Mixto - MT",3,0,2014
"2",2014-04-03 19:00:00,"Paragominas - PA","A.s.a. - AL",0,4,2014
"2",2014-04-03 20:30:00,"Resende - RJ","Vasco da Gama - RJ",0,0,2014
"2",2014-04-16 22:00:00,"Vasco da Gama - RJ","Resende - RJ",1,0,2014
"2",2014-04-08 21:30:00,"Rio Branco - AC","Chapecoense - SC",0,2,2014
"2",2014-04-09 19:30:00,"Novo Hamburgo - RS","Joinville - SC",1,0,2014
"2",2014-04-22 19:30:00,"Joinville - SC","Novo Hamburgo - RS",2,2,2014
"2",2014-04-09 20:30:00,"Lagarto - SE","Santa Cruz - PE",0,1,2014
"2",2014-05-07 22:00:00,"Santa Cruz - PE","Lagarto - SE",3,1,2014
"2",2014-04-16 21:30:00,"Princesa do Solimões - AM","Brasiliense - DF",3,1,2014
"2",2014-04-23 20:30:00,"Brasiliense - DF","Princesa do Solimões - AM",4,2,2014
"2",2014-04-30 22:00:00,"Parnahyba - PI","Ceará - CE",0,1,2014
"2",2014-05-07 20:30:00,"Ceará - CE","Parnahyba - PI",4,1,2014
"2",2014-05-01 21:50:00,"Brasília - DF","Sport - PE",1,3,2014
"3",2014-04-22 19:30:00,"Paraná - PR","Ponte Preta - SP",1,1,2014
"3",2014-05-06 21:50:00,"Ponte Preta - SP","Paraná - PR",1,1,2014
"3",2014-04-23 22:00:00,"Tupi - MG","Fluminense - RJ",0,3,2014
"3",2014-04-23 22:00:00,"C. R. B. - AL","São Paulo - SP",2,1,2014
"3",2014-05-07 22:00:00,"São Paulo - SP","C. R. B. - AL",3,0,2014
"3",2014-04-24 15:15:00,"Santa Rita - AL","Potiguar - RN",2,0,2014
"3",2014-05-01 19:30:00,"Potiguar - RN","Santa Rita - AL",2,5,2014
"3",2014-04-30 19:30:00,"Caldense - MG","Coritiba - PR",0,2,2014
"3",2014-04-30 22:00:00,"Treze - PB","Vasco da Gama - RJ",1,2,2014
"3",2014-05-07 22:00:00,"Vasco da Gama - RJ","Treze - PB",1,1,2014
"3",2014-04-30 22:00:00,"Nacional - AM","Corinthians - SP",0,3,2014
"3",2014-05-01 16:00:00,"Novo Hamburgo - RS","J. Malucelli - PR",1,0,2014
"3",2014-05-07 19:30:00,"J. Malucelli - PR","Novo Hamburgo - RS",0,2,2014
"3",2014-05-01 19:30:00,"Cuiabá - MT","Internacional - RS",1,1,2014
"3",2014-05-14 22:00:00,"Internacional - RS","Cuiabá - MT",4,1,2014
"3",2014-05-01 21:50:00,"Londrina - PR","Grêmio Barueri - SP",0,0,2014
"3",2014-05-08 19:30:00,"Grêmio Barueri - SP","Londrina - PR",3,3,2014
"3",2014-05-06 21:50:00,"América - RN","Náutico - PE",3,0,2014
"3",2014-05-13 19:30:00,"Náutico - PE","América - RN",2,0,2014
"3",2014-05-07 19:30:00,"A.s.a. - AL","Avaí - SC",3,2,2014
"3",2014-05-13 20:30:00,"Avaí - SC","A.s.a. - AL",2,1,2014
"3",2014-05-07 19:30:00,"Bragantino - SP","Figueirense - SC",2,1,2014
"3",2014-07-22 19:30:00,"Figueirense - SC","Bragantino - SP",2,1,2014
"3",2014-05-07 20:30:00,"Abc - RN","Atlético - GO",1,1,2014
"3",2014-05-14 20:30:00,"Atlético - GO","Abc - RN",1,2,2014
"3",2014-05-07 22:00:00,"América - MG","Bahia - BA",0,0,2014
"3",2014-05-14 19:30:00,"Bahia - BA","América - MG",2,1,2014
"3",2014-05-07 22:00:00,"Sampaio Correa - MA","Palmeiras - SP",2,1,2014
"3",2014-05-14 22:00:00,"Palmeiras - SP","Sampaio Correa - MA",3,0,2014
"3",2014-05-08 21:50:00,"Princesa do Solimões - AM","Santos - SP",1,2,2014
"3",2014-05-15 21:50:00,"Santos - SP","Princesa do Solimões - AM",4,2,2014
"3",2014-05-14 19:30:00,"Chapecoense - SC","Ceará - CE",1,2,2014
"3",2014-07-23 19:30:00,"Ceará - CE","Chapecoense - SC",1,1,2014
"3",2014-05-14 22:00:00,"Botafogo - PB","Santa Cruz - PE",1,1,2014
"3",2014-07-23 22:00:00,"Santa Cruz - PE","Botafogo - PB",2,1,2014
"3",2014-05-15 19:30:00,"Paysandu - PA","Sport - PE",2,1,2014
"3",2014-07-24 19:30:00,"Sport - PE","Paysandu - PA",3,2,2014
"4",2014-07-23 19:30:00,"Abc - RN","Novo Hamburgo - RS",1,0,2014
"4",2014-07-30 19:30:00,"Novo Hamburgo - RS","Abc - RN",2,0,2014
"4",2014-07-23 19:30:00,"Avaí - SC","Palmeiras - SP",0,2,2014
"4",2014-08-06 19:30:00,"Palmeiras - SP","Avaí - SC",1,0,2014
"4",2014-07-23 22:00:00,"Ponte Preta - SP","Vasco da Gama - RJ",0,2,2014
"4",2014-07-30 22:00:00,"Vasco da Gama - RJ","Ponte Preta - SP",2,1,2014
"4",2014-07-23 22:00:00,"Corinthians - SP","Bahia - BA",3,0,2014
"4",2014-08-06 22:00:00,"Bahia - BA","Corinthians - SP",1,0,2014
"4",2014-07-30 22:00:00,"Bragantino - SP","São Paulo - SP",1,2,2014
"4",2014-08-13 22:00:00,"São Paulo - SP","Bragantino - SP",1,3,2014
"4",2014-07-30 22:00:00,"Internacional - RS","Ceará - CE",1,2,2014
"4",2014-08-13 22:00:00,"Ceará - CE","Internacional - RS",3,1,2014
"4",2014-07-31 21:00:00,"Coritiba - PR","Paysandu - PA",2,0,2014
"4",2014-08-13 22:00:00,"Paysandu - PA","Coritiba - PR",2,1,2014
"4",2014-07-31 21:00:00,"Londrina - PR","Santos - SP",2,1,2014
"4",2014-08-14 19:30:00,"Santos - SP","Londrina - PR",2,0,2014
"4",2014-08-06 22:00:00,"América - RN","Fluminense - RJ",0,3,2014
"4",2014-08-13 22:00:00,"Fluminense - RJ","América - RN",2,5,2014
"4",2014-08-06 22:00:00,"Santa Rita - AL","Santa Cruz - PE",3,2,2014
"4",2014-08-14 19:30:00,"Santa Cruz - PE","Santa Rita - AL",1,1,2014
"5",2014-08-26 19:30:00,"Vasco da Gama - RJ","Abc - RN",1,1,2014
"5",2014-09-02 19:30:00,"Abc - RN","Vasco da Gama - RJ",2,1,2014
"5",2014-08-27 19:30:00,"Cruzeiro - MG","Santa Rita - AL",5,0,2014
"5",2014-09-03 19:30:00,"Santa Rita - AL","Cruzeiro - MG",1,2,2014
"5",2014-08-27 19:30:00,"América - RN","Atletico - PR",3,0,2014
"5",2014-09-03 19:30:00,"Atletico - PR","América - RN",2,0,2014
"5",2014-08-27 22:00:00,"Botafogo - RJ","Ceará - CE",1,2,2014
"5",2014-09-03 22:00:00,"Ceará - CE","Botafogo - RJ",3,4,2014
"5",2014-08-27 22:00:00,"Coritiba - PR","Flamengo - RJ",3,0,2014
"5",2014-09-03 22:00:00,"Flamengo - RJ","Coritiba - PR",3,0,2014
"5",2014-08-27 22:00:00,"Palmeiras - SP","Atlético - MG",0,1,2014
"5",2014-09-04 20:00:00,"Atlético - MG","Palmeiras - SP",2,0,2014
"5",2014-08-27 22:00:00,"Bragantino - SP","Corinthians - SP",1,0,2014
"5",2014-09-03 22:00:00,"Corinthians - SP","Bragantino - SP",3,1,2014
"5",2014-08-28 20:00:00,"Grêmio - RS","Santos - SP",0,2,2014
"6",2014-10-01 19:30:00,"Botafogo - RJ","Santos - SP",2,3,2014
"6",2014-10-16 21:30:00,"Santos - SP","Botafogo - RJ",5,0,2014
"6",2014-10-01 19:30:00,"Cruzeiro - MG","Abc - RN",1,0,2014
"6",2014-10-15 22:00:00,"Abc - RN","Cruzeiro - MG",3,2,2014
"6",2014-10-01 22:00:00,"América - RN","Flamengo - RJ",0,1,2014
"6",2014-10-15 22:00:00,"Flamengo - RJ","América - RN",1,0,2014
"6",2014-10-01 22:00:00,"Corinthians - SP","Atlético - MG",2,0,2014
"6",2014-10-15 22:00:00,"Atlético - MG","Corinthians - SP",4,1,2014
"7",2014-10-29 22:00:00,"Cruzeiro - MG","Santos - SP",1,0,2014
"7",2014-11-05 22:00:00,"Santos - SP","Cruzeiro - MG",3,3,2014
"7",2014-10-29 22:00:00,"Flamengo - RJ","Atlético - MG",2,0,2014
"7",2014-11-05 22:00:00,"Atlético - MG","Flamengo - RJ",4,1,2014
"8",2014-11-12 22:00:00,"Atlético - MG","Cruzeiro - MG",2,0,2014
"8",2014-11-26 22:00:00,"Cruzeiro - MG","Atlético - MG",0,1,2014
"1",2015-02-08 19:30:00,"Atlético - AC","Real Noroeste - ES",0,1,2015
"1",2015-02-22 16:30:00,"Real Noroeste - ES","Atlético - AC",3,2,2015
"2",2015-02-25 19:30:00,"Santo André - SP","Goiás - GO",0,1,2015
"2",2015-04-01 19:30:00,"Goiás - GO","Santo André - SP",1,0,2015
"2",2015-02-25 19:30:00,"Luziânia - DF","América - MG",0,3,2015
"2",2015-02-25 20:30:00,"Estrela do Norte - ES","Sampaio Correa - MA",3,2,2015
"2",2015-04-01 20:30:00,"Sampaio Correa - MA","Estrela do Norte - ES",4,1,2015
"2",2015-02-25 20:30:00,"Moto Club - MA","Boa - MG",1,1,2015
"2",2015-04-15 20:30:00,"Boa - MG","Moto Club - MA",1,1,2015
"2",2015-02-25 20:30:00,"Amadense - SE","Crb - AL",1,2,2015
"2",2015-04-02 19:30:00,"Crb - AL","Amadense - SE",1,0,2015
"2",2015-02-25 21:30:00,"São Raimundo - RR","Asa - AL",1,3,2015
"2",2015-02-25 22:00:00,"Brasil - RS","Flamengo - RJ",1,2,2015
"2",2015-03-18 22:00:00,"Flamengo - RJ","Brasil - RS",2,0,2015
"2",2015-03-03 21:30:00,"Vilhena - RO","Ponte Preta - SP",1,1,2015
"2",2015-04-02 19:30:00,"Ponte Preta - SP","Vilhena - RO",3,0,2015
"2",2015-03-04 16:00:00,"Boavista - RJ","Abc - RN",0,1,2015
"2",2015-03-19 19:30:00,"Abc - RN","Boavista - RJ",2,0,2015
"2",2015-03-04 19:30:00,"Capivariano - SP","Caxias - RS",3,0,2015
"2",2015-03-19 19:30:00,"Caxias - RS","Capivariano - SP",0,0,2015
"2",2015-03-04 19:30:00,"Santos - AP","Portuguesa - SP",1,3,2015
"2",2015-03-04 19:30:00,"Independente - PA","Icasa - CE",5,0,2015
"2",2015-03-19 19:30:00,"Icasa - CE","Independente - PA",2,0,2015
"2",2015-03-04 20:30:00,"Murici - AL","Cuiabá - MT",3,2,2015
"2",2015-03-18 21:30:00,"Cuiabá - MT","Murici - AL",2,0,2015
"2",2015-03-04 20:30:00,"Alecrim - RN","Tupi - MG",0,2,2015
"2",2015-03-04 22:00:00,"Vitória da Conquista - BA","Palmeiras - SP",1,4,2015
"2",2015-03-04 22:00:00,"Villa Nova - MG","Coritiba - PR",0,3,2015
"2",2015-03-05 21:30:00,"Maringá - PR","Madureira - RJ",2,0,2015
"2",2015-04-15 15:00:00,"Madureira - RJ","Maringá - PR",3,1,2015
"2",2015-03-05 21:30:00,"Cabofriense - RJ","Luverdense - MT",1,1,2015
"2",2015-03-18 21:30:00,"Luverdense - MT","Cabofriense - RJ",1,0,2015
"2",2015-03-17 19:30:00,"Londrina - PR","Santos - SP",0,1,2015
"2",2015-04-15 19:30:00,"Santos - SP","Londrina - PR",1,0,2015
"2",2015-03-18 19:30:00,"Lajeadense - RS","Bragantino - SP",2,1,2015
"2",2015-04-16 19:30:00,"Bragantino - SP","Lajeadense - RS",1,0,2015
"2",2015-03-18 20:30:00,"Interporto - TO","Chapecoense - SC",2,5,2015
"2",2015-03-18 20:30:00,"Real Noroeste - ES","Criciúma - SC",1,4,2015
"2",2015-03-18 21:30:00,"Princesa do Solimões - AM","Figueirense - SC",2,2,2015
"2",2015-04-01 19:30:00,"Figueirense - SC","Princesa do Solimões - AM",2,1,2015
"2",2015-03-18 21:30:00,"Águia Negra - MS","Paysandu - PA",2,2,2015
"2",2015-04-01 20:30:00,"Paysandu - PA","Águia Negra - MS",2,0,2015
"2",2015-03-31 20:30:00,"Piauí - PI","Salgueiro - PE",1,5,2015
"2",2015-04-01 19:30:00,"Rio Branco - AC","Vasco da Gama - RJ",1,2,2015
"2",2015-04-15 22:00:00,"Vasco da Gama - RJ","Rio Branco - AC",3,2,2015
"2",2015-04-01 19:30:00,"Ríver - PI","Fortaleza - CE",0,1,2015
"2",2015-04-16 21:50:00,"Fortaleza - CE","Ríver - PI",2,1,2015
"2",2015-04-01 19:30:00,"Ituano - SP","Joinville - SC",3,0,2015
"2",2015-04-15 19:30:00,"Joinville - SC","Ituano - SP",1,0,2015
"2",2015-04-01 19:30:00,"Anapolina - GO","Vitória - BA",1,2,2015
"2",2015-04-14 19:30:00,"Vitória - BA","Anapolina - GO",1,1,2015
"2",2015-04-01 20:30:00,"Jacuipense - BA","Paraná - PR",0,1,2015
"2",2015-04-23 19:30:00,"Paraná - PR","Jacuipense - BA",0,1,2015
"2",2015-04-01 20:30:00,"Globo - RN","América - RN",1,5,2015
"2",2015-04-01 20:30:00,"Coruripe - AL","Atlético - GO",1,1,2015
"2",2015-04-30 20:30:00,"Atlético - GO","Coruripe - AL",2,0,2015
"2",2015-04-01 21:30:00,"Operário - MT","Avaí - SC",0,0,2015
"2",2015-04-14 19:30:00,"Avaí - SC","Operário - MT",3,1,2015
"2",2015-04-01 22:00:00,"Botafogo - PB","Botafogo - RJ",2,2,2015
"2",2015-04-15 19:30:00,"Botafogo - RJ","Botafogo - PB",4,2,2015
"2",2015-04-01 22:00:00,"Cene - MS","Sport - PE",1,2,2015
"2",2015-04-16 21:50:00,"Sport - PE","Cene - MS",4,1,2015
"2",2015-04-01 22:00:00,"Confiança - SE","Ceará - CE",0,0,2015
"2",2015-04-15 22:00:00,"Ceará - CE","Confiança - SE",1,0,2015
"2",2015-04-01 22:00:00,"Campinense - PB","Grêmio - RS",1,2,2015
"2",2015-04-15 22:00:00,"Grêmio - RS","Campinense - PB",2,0,2015
"2",2015-04-02 19:30:00,"Brasília - DF","Náutico - PE",0,1,2015
"2",2015-04-15 22:00:00,"Náutico - PE","Brasília - DF",2,0,2015
"2",2015-04-02 21:50:00,"Remo - PA","Atlético - PR",1,1,2015
"2",2015-04-15 19:30:00,"Atlético - PR","Remo - PA",1,1,2015
"2",2015-04-02 21:50:00,"Nacional - AM","Bahia - BA",0,0,2015
"2",2015-04-16 19:30:00,"Bahia - BA","Nacional - AM",3,2,2015
"3",2015-04-22 22:00:00,"Salgueiro - PE","Flamengo - RJ",0,2,2015
"3",2015-04-23 19:30:00,"Ituano - SP","Portuguesa - SP",1,1,2015
"3",2015-04-28 21:50:00,"Portuguesa - SP","Ituano - SP",1,2,2015
"3",2015-04-23 21:00:00,"Bragantino - SP","Criciúma - SC",0,3,2015
"3",2015-04-28 21:50:00,"Tupi - MG","Atlético - PR",1,0,2015
"3",2015-05-06 19:30:00,"Atlético - PR","Tupi - MG",2,1,2015
"3",2015-04-29 22:00:00,"Sampaio Correa - MA","Palmeiras - SP",1,1,2015
"3",2015-05-12 21:50:00,"Palmeiras - SP","Sampaio Correa - MA",5,1,2015
"3",2015-04-29 22:00:00,"Capivariano - SP","Botafogo - RJ",1,2,2015
"3",2015-05-06 22:00:00,"Botafogo - RJ","Capivariano - SP",3,0,2015
"3",2015-04-30 19:30:00,"Jacuipense - BA","Náutico - PE",0,2,2015
"3",2015-05-06 19:30:00,"Fortaleza - CE","Coritiba - PR",2,1,2015
"3",2015-05-13 22:00:00,"Coritiba - PR","Fortaleza - CE",2,1,2015
"3",2015-05-06 22:00:00,"Avaí - SC","Figueirense - SC",1,0,2015
"3",2015-05-13 22:00:00,"Figueirense - SC","Avaí - SC",2,0,2015
"3",2015-05-06 22:00:00,"Maringá - PR","Santos - SP",2,2,2015
"3",2015-05-13 19:30:00,"Santos - SP","Maringá - PR",1,0,2015
"3",2015-05-06 22:00:00,"Chapecoense - SC","Sport - PE",2,0,2015
"3",2015-05-13 22:00:00,"Sport - PE","Chapecoense - SC",2,0,2015
"3",2015-05-07 19:30:00,"Moto Club - MA","Ponte Preta - SP",1,2,2015
"3",2015-05-13 19:30:00,"Ponte Preta - SP","Moto Club - MA",4,1,2015
"3",2015-05-07 19:30:00,"Independente - PA","Goiás - GO",1,0,2015
"3",2015-05-13 19:30:00,"Goiás - GO","Independente - PA",3,0,2015
"3",2015-05-12 19:30:00,"Paysandu - PA","Abc - RN",1,0,2015
"3",2015-05-19 19:30:00,"Abc - RN","Paysandu - PA",1,2,2015
"3",2015-05-12 19:30:00,"América - RN","Atlético - GO",4,2,2015
"3",2015-05-20 19:30:00,"Atlético - GO","América - RN",1,0,2015
"3",2015-05-12 19:30:00,"América - MG","Ceará - CE",1,1,2015
"3",2015-05-20 22:00:00,"Ceará - CE","América - MG",3,0,2015
"3",2015-05-12 21:50:00,"Luverdense - MT","Bahia - BA",0,0,2015
"3",2015-05-20 22:00:00,"Bahia - BA","Luverdense - MT",3,1,2015
"3",2015-05-13 19:30:00,"Asa - AL","Vitória - BA",1,1,2015
"3",2015-05-19 19:30:00,"Vitória - BA","Asa - AL",2,2,2015
"3",2015-05-13 19:30:00,"Crb - AL","Grêmio - RS",1,3,2015
"3",2015-05-13 22:00:00,"Cuiabá - MT","Vasco da Gama - RJ",1,1,2015
"3",2015-05-20 22:00:00,"Vasco da Gama - RJ","Cuiabá - MT",0,0,2015
"4",2015-05-20 19:30:00,"Figueirense - SC","Botafogo - RJ",2,2,2015
"4",2015-07-14 21:00:00,"Botafogo - RJ","Figueirense - SC",0,1,2015
"4",2015-05-20 19:30:00,"Ituano - SP","Goiás - GO",2,0,2015
"4",2015-05-27 19:30:00,"Goiás - GO","Ituano - SP",3,1,2015
"4",2015-05-20 22:00:00,"Sport - PE","Santos - SP",2,1,2015
"4",2015-07-22 22:00:00,"Santos - SP","Sport - PE",3,1,2015
"4",2015-05-27 19:30:00,"Coritiba - PR","Ponte Preta - SP",2,1,2015
"4",2015-07-22 22:00:00,"Ponte Preta - SP","Coritiba - PR",2,1,2015
"4",2015-05-27 22:00:00,"Palmeiras - SP","Asa - AL",0,0,2015
"4",2015-07-15 22:00:00,"Asa - AL","Palmeiras - SP",0,1,2015
"4",2015-05-27 22:00:00,"Flamengo - RJ","Náutico - PE",1,1,2015
"4",2015-07-15 22:00:00,"Náutico - PE","Flamengo - RJ",0,2,2015
"4",2015-07-14 21:00:00,"Grêmio - RS","Criciúma - SC",0,1,2015
"4",2015-07-21 21:00:00,"Criciúma - SC","Grêmio - RS",0,1,2015
"4",2015-07-15 19:30:00,"Ceará - CE","Tupi - MG",0,0,2015
"4",2015-07-22 19:30:00,"Tupi - MG","Ceará - CE",1,2,2015
"4",2015-07-15 21:00:00,"Vasco da Gama - RJ","América - RN",3,1,2015
"4",2015-07-22 22:00:00,"América - RN","Vasco da Gama - RJ",2,3,2015
"4",2015-07-15 22:00:00,"Paysandu - PA","Bahia - BA",3,0,2015
"4",2015-07-22 19:30:00,"Bahia - BA","Paysandu - PA",2,0,2015
"5",2015-08-19 19:30:00,"Coritiba - PR","Grêmio - RS",0,1,2015
"5",2015-08-27 21:00:00,"Grêmio - RS","Coritiba - PR",3,1,2015
"5",2015-08-19 19:30:00,"Atlético - MG","Figueirense - SC",1,1,2015
"5",2015-08-26 19:30:00,"Figueirense - SC","Atlético - MG",2,1,2015
"5",2015-08-19 22:00:00,"Palmeiras - SP","Cruzeiro - MG",2,1,2015
"5",2015-08-26 22:00:00,"Cruzeiro - MG","Palmeiras - SP",2,3,2015
"5",2015-08-19 22:00:00,"Flamengo - RJ","Vasco da Gama - RJ",0,1,2015
"5",2015-08-26 22:00:00,"Vasco da Gama - RJ","Flamengo - RJ",1,1,2015
"5",2015-08-19 22:00:00,"Santos - SP","Corinthians - SP",2,0,2015
"5",2015-08-26 22:00:00,"Corinthians - SP","Santos - SP",1,2,2015
"5",2015-08-20 19:00:00,"Internacional - RS","Ituano - SP",2,0,2015
"5",2015-08-27 20:00:00,"Ituano - SP","Internacional - RS",1,2,2015
"5",2015-08-20 19:00:00,"Fluminense - RJ","Paysandu - PA",2,1,2015
"5",2015-08-26 19:30:00,"Paysandu - PA","Fluminense - RJ",1,2,2015
"5",2015-08-20 21:30:00,"São Paulo - SP","Ceará - CE",1,2,2015
"5",2015-08-26 19:30:00,"Ceará - CE","São Paulo - SP",0,3,2015
"6",2015-09-23 19:30:00,"Figueirense - SC","Santos - SP",0,1,2015
"6",2015-10-01 21:00:00,"Santos - SP","Figueirense - SC",3,2,2015
"6",2015-09-23 19:30:00,"Internacional - RS","Palmeiras - SP",1,1,2015
"6",2015-09-30 22:00:00,"Palmeiras - SP","Internacional - RS",3,2,2015
"6",2015-09-23 22:00:00,"Fluminense - RJ","Grêmio - RS",0,0,2015
"6",2015-09-30 22:00:00,"Grêmio - RS","Fluminense - RJ",1,1,2015
"6",2015-09-23 22:00:00,"São Paulo - SP","Vasco da Gama - RJ",3,0,2015
"6",2015-09-30 22:00:00,"Vasco da Gama - RJ","São Paulo - SP",1,1,2015
"7",2015-10-21 22:00:00,"São Paulo - SP","Santos - SP",1,3,2015
"7",2015-10-28 22:00:00,"Santos - SP","São Paulo - SP",3,1,2015
"7",2015-10-21 22:00:00,"Fluminense - RJ","Palmeiras - SP",2,1,2015
"7",2015-10-28 22:00:00,"Palmeiras - SP","Fluminense - RJ",2,1,2015
"8",2015-11-25 22:00:00,"Santos - SP","Palmeiras - SP",1,0,2015
"8",2015-12-02 22:00:00,"Palmeiras - SP","Santos - SP",2,1,2015
"1",2016-03-16 20:30:00,"Goianesia - GO","ABC - RN",1,1,2016
"1",2016-04-20 20:30:00,"ABC - RN","Goianesia - GO",3,2,2016
"1",2016-03-16 20:30:00,"Parauapebas - PA","Londrina - PR",0,1,2016
"1",2016-04-06 19:30:00,"Londrina - PR","Parauapebas - PA",6,0,2016
"1",2016-03-16 20:30:00,"Linense - SP","Botafogo - PB",1,1,2016
"1",2016-04-06 19:30:00,"Botafogo - PB","Linense - SP",1,1,2016
"1",2016-03-16 21:45:00,"Rio Branco - ES","Santa Cruz - PE",0,1,2016
"1",2016-04-06 21:45:00,"Santa Cruz - PE","Rio Branco - ES",0,0,2016
"1",2016-03-16 21:45:00,"Confiança - SE","Flamengo - RJ",1,0,2016
"1",2016-04-20 21:45:00,"Flamengo - RJ","Confiança - SE",3,0,2016
"1",2016-03-16 21:45:00,"Globo - RN","Bahia - BA",0,0,2016
"1",2016-04-06 21:45:00,"Bahia - BA","Globo - RN",3,1,2016
"1",2016-03-16 21:45:00,"Imperatriz - MA","Fortaleza - CE",1,1,2016
"1",2016-04-28 20:00:00,"Fortaleza - CE","Imperatriz - MA",2,0,2016
"1",2016-03-17 19:15:00,"Vitória da Conquista - BA","Náutico - PE",0,0,2016
"1",2016-04-07 19:30:00,"Náutico - PE","Vitória da Conquista - BA",1,1,2016
"1",2016-03-17 19:15:00,"Ferroviária - SP","Salgueiro - PE",1,0,2016
"1",2016-04-13 20:30:00,"Salgueiro - PE","Ferroviária - SP",1,1,2016
"1",2016-03-17 19:15:00,"Ypiranga - RS","Atlético - GO",2,2,2016
"1",2016-04-07 19:30:00,"Atlético - GO","Ypiranga - RS",0,2,2016
"1",2016-03-17 21:30:00,"Brasil - RS","Atlético - PR",1,1,2016
"1",2016-04-13 19:30:00,"Atlético - PR","Brasil - RS",1,0,2016
"1",2016-04-05 21:30:00,"Coruripe - AL","Botafogo - RJ",0,1,2016
"1",2016-04-28 21:30:00,"Botafogo - RJ","Coruripe - AL",1,1,2016
"1",2016-04-06 16:30:00,"Princesa do Solimões - AM","Chapecoense - SC",1,2,2016
"1",2016-04-14 21:30:00,"Chapecoense - SC","Princesa do Solimões - AM",2,0,2016
"1",2016-04-06 19:30:00,"Aparecidense - GO","Sport - PE",2,0,2016
"1",2016-04-28 19:15:00,"Sport - PE","Aparecidense - GO",1,2,2016
"1",2016-04-06 19:30:00,"Resende - RJ","Ceará - CE",2,2,2016
"1",2016-04-26 19:15:00,"Ceará - CE","Resende - RJ",1,1,2016
"1",2016-04-06 19:30:00,"Internacional - SC","Sampaio Correa - MA",1,2,2016
"1",2016-04-20 19:30:00,"Sampaio Correa - MA","Internacional - SC",0,1,2016
"1",2016-04-06 20:30:00,"Estanciano - SE","Paraná - PR",1,1,2016
"1",2016-04-21 19:15:00,"Paraná - PR","Estanciano - SE",2,0,2016
"1",2016-04-06 20:30:00,"Juazeirense - BA","Cuiabá - MT",1,0,2016
"1",2016-04-27 21:30:00,"Cuiabá - MT","Juazeirense - BA",1,0,2016
"1",2016-04-06 20:30:00,"Tocantinópolis - TO","Juventude - RS",1,1,2016
"1",2016-04-28 21:30:00,"Juventude - RS","Tocantinópolis - TO",2,0,2016
"1",2016-04-06 21:30:00,"Ivinhema - MS","Crb - AL",0,2,2016
"1",2016-04-06 21:30:00,"Genus - RO","Asa - AL",2,0,2016
"1",2016-04-28 21:30:00,"Asa - AL","Genus - RO",2,1,2016
"1",2016-04-06 21:45:00,"Tombense - MG","Fluminense - RJ",0,3,2016
"1",2016-04-07 21:30:00,"Caldense - MG","Ponte Preta - SP",1,2,2016
"1",2016-04-14 21:30:00,"Ponte Preta - SP","Caldense - MG",1,1,2016
"1",2016-04-07 21:30:00,"Ríver - PI","Goiás - GO",2,1,2016
"1",2016-04-27 19:30:00,"Goiás - GO","Ríver - PI",2,1,2016
"1",2016-04-12 21:00:00,"Operario - PR","Criciúma - SC",2,1,2016
"1",2016-04-28 19:15:00,"Criciúma - SC","Operario - PR",1,1,2016
"1",2016-04-13 19:30:00,"Guarany - CE","Coritiba - PR",0,3,2016
"1",2016-04-13 20:30:00,"Parnahyba - PI","Portuguesa - SP",2,1,2016
"1",2016-04-26 21:30:00,"Portuguesa - SP","Parnahyba - PI",1,0,2016
"1",2016-04-13 21:30:00,"Nautico - RR","Vitória - BA",2,3,2016
"1",2016-04-27 21:45:00,"Vitória - BA","Nautico - RR",3,1,2016
"1",2016-04-13 21:45:00,"Remo - PA","Vasco da Gama - RJ",0,1,2016
"1",2016-04-27 21:45:00,"Vasco da Gama - RJ","Remo - PA",2,1,2016
"1",2016-04-14 21:30:00,"Lajeadense - RS","Figueirense - SC",0,2,2016
"1",2016-04-19 19:30:00,"Brasília - DF","Bragantino - SP",0,2,2016
"1",2016-04-20 19:30:00,"Red Bull Brasil - SP","América - MG",1,1,2016
"1",2016-04-28 19:15:00,"América - MG","Red Bull Brasil - SP",3,2,2016
"1",2016-04-20 21:30:00,"Galvez - AC","Rio Branco - AC",1,0,2016
"1",2016-04-27 21:30:00,"Rio Branco - AC","Galvez - AC",1,1,2016
"1",2016-04-20 21:30:00,"Comercial - MS","Joinville - SC",1,1,2016
"1",2016-05-04 19:30:00,"Joinville - SC","Comercial - MS",1,0,2016
"1",2016-04-20 21:30:00,"Dom Bosco - MT","Nacional - AM",2,0,2016
"1",2016-04-27 21:30:00,"Nacional - AM","Dom Bosco - MT",1,1,2016
"1",2016-04-20 21:45:00,"Campinense - PB","Cruzeiro - MG",0,0,2016
"1",2016-05-05 21:30:00,"Cruzeiro - MG","Campinense - PB",3,2,2016
"1",2016-04-21 19:15:00,"Operário - MT","Avaí - SC",1,0,2016
"1",2016-04-28 19:15:00,"Avaí - SC","Operário - MT",2,0,2016
"1",2016-04-21 21:30:00,"Santos - AP","Santos - SP",1,1,2016
"1",2016-04-28 21:30:00,"Santos - SP","Santos - AP",3,0,2016
"1",2016-04-27 20:30:00,"Independente de Tucuruí - PA","Paysandu - PA",1,2,2016
"1",2016-04-30 17:00:00,"Paysandu - PA","Independente de Tucuruí - PA",2,0,2016
"1",2016-05-14 17:00:00,"Gama - DF","América - RN",1,0,2016
"1",2016-05-25 19:15:00,"América - RN","Gama - DF",3,2,2016
"2",2016-05-03 21:30:00,"Bragantino - SP","Avaí - SC",1,0,2016
"2",2016-05-10 21:30:00,"Avaí - SC","Bragantino - SP",1,1,2016
"2",2016-05-04 19:30:00,"Ferroviária - SP","Fluminense - RJ",3,3,2016
"2",2016-05-12 21:30:00,"Fluminense - RJ","Ferroviária - SP",3,0,2016
"2",2016-05-04 21:45:00,"Fortaleza - CE","Flamengo - RJ",2,1,2016
"2",2016-05-18 21:45:00,"Flamengo - RJ","Fortaleza - CE",1,2,2016
"2",2016-05-05 21:30:00,"Genus - RO","Ponte Preta - SP",0,1,2016
"2",2016-05-12 21:30:00,"Ponte Preta - SP","Genus - RO",3,0,2016
"2",2016-05-10 21:30:00,"Londrina - PR","Cruzeiro - MG",0,2,2016
"2",2016-05-11 19:30:00,"Sampaio Correa - MA","Figueirense - SC",1,2,2016
"2",2016-07-06 19:30:00,"Figueirense - SC","Sampaio Correa - MA",1,0,2016
"2",2016-05-11 19:30:00,"Paraná - PR","Chapecoense - SC",2,1,2016
"2",2016-05-18 19:30:00,"Chapecoense - SC","Paraná - PR",2,0,2016
"2",2016-05-11 19:30:00,"Juventude - RS","Coritiba - PR",1,0,2016
"2",2016-05-19 19:15:00,"Coritiba - PR","Juventude - RS",2,2,2016
"2",2016-05-11 19:30:00,"Joinville - SC","Ceará - CE",0,1,2016
"2",2016-05-17 19:15:00,"Ceará - CE","Joinville - SC",1,0,2016
"2",2016-05-11 19:30:00,"Galvez - AC","Santos - SP",0,3,2016
"2",2016-05-11 20:30:00,"Ríver - PI","Botafogo - PB",0,1,2016
"2",2016-05-18 20:30:00,"Botafogo - PB","Ríver - PI",1,0,2016
"2",2016-05-11 20:30:00,"Ypiranga - RS","Aparecidense - GO",3,1,2016
"2",2016-05-19 21:30:00,"Aparecidense - GO","Ypiranga - RS",2,1,2016
"2",2016-05-11 21:30:00,"Dom Bosco - MT","Atlético - PR",2,2,2016
"2",2016-05-18 19:30:00,"Atlético - PR","Dom Bosco - MT",5,0,2016
"2",2016-05-11 21:45:00,"Crb - AL","Vasco da Gama - RJ",0,1,2016
"2",2016-05-18 19:30:00,"Vasco da Gama - RJ","Crb - AL",1,1,2016
"2",2016-05-11 21:45:00,"Vitória da Conquista - BA","Santa Cruz - PE",0,2,2016
"2",2016-05-11 21:45:00,"América - MG","Bahia - BA",0,0,2016
"2",2016-05-18 21:45:00,"Bahia - BA","América - MG",0,1,2016
"2",2016-05-11 21:45:00,"Portuguesa - SP","Vitória - BA",0,0,2016
"2",2016-05-19 21:30:00,"Vitória - BA","Portuguesa - SP",3,1,2016
"2",2016-05-12 19:15:00,"Juazeirense - BA","Botafogo - RJ",1,2,2016
"2",2016-05-19 21:30:00,"Botafogo - RJ","Juazeirense - BA",1,0,2016
"2",2016-05-17 19:15:00,"Operario - PR","Paysandu - PA",1,0,2016
"2",2016-07-06 19:30:00,"Paysandu - PA","Operario - PR",2,0,2016
"2",2016-06-01 19:30:00,"Gama - DF","ABC - RN",1,1,2016
"2",2016-06-15 20:30:00,"ABC - RN","Gama - DF",1,1,2016
"3",2016-07-06 21:45:00,"Vitória - BA","Cruzeiro - MG",1,2,2016
"3",2016-07-20 21:45:00,"Cruzeiro - MG","Vitória - BA",2,1,2016
"3",2016-07-06 21:45:00,"Fluminense - RJ","Ypiranga - RS",1,1,2016
"3",2016-07-27 21:45:00,"Ypiranga - RS","Fluminense - RJ",0,2,2016
"3",2016-07-07 21:00:00,"América - MG","Fortaleza - CE",1,0,2016
"3",2016-07-28 21:00:00,"Fortaleza - CE","América - MG",4,1,2016
"3",2016-07-13 19:30:00,"Figueirense - SC","Ponte Preta - SP",0,0,2016
"3",2016-07-27 19:30:00,"Ponte Preta - SP","Figueirense - SC",5,0,2016
"3",2016-07-13 19:30:00,"Bragantino - SP","Botafogo - RJ",2,2,2016
"3",2016-07-27 19:30:00,"Botafogo - RJ","Bragantino - SP",1,0,2016
"3",2016-07-13 21:45:00,"Botafogo - PB","Ceará - CE",3,0,2016
"3",2016-07-20 19:30:00,"Ceará - CE","Botafogo - PB",0,0,2016
"3",2016-07-13 21:45:00,"Vasco da Gama - RJ","Santa Cruz - PE",1,1,2016
"3",2016-07-20 21:45:00,"Santa Cruz - PE","Vasco da Gama - RJ",2,3,2016
"3",2016-07-20 19:30:00,"Juventude - RS","Paysandu - PA",0,0,2016
"3",2016-07-27 19:30:00,"Paysandu - PA","Juventude - RS",1,2,2016
"3",2016-07-20 21:45:00,"Gama - DF","Santos - SP",0,0,2016
"3",2016-07-27 21:45:00,"Santos - SP","Gama - DF",3,0,2016
"3",2016-07-21 21:00:00,"Atlético - PR","Chapecoense - SC",0,0,2016
"3",2016-07-27 19:30:00,"Chapecoense - SC","Atlético - PR",1,1,2016
"4",2016-08-24 19:30:00,"Santos - SP","Vasco da Gama - RJ",3,1,2016
"4",2016-09-21 21:45:00,"Vasco da Gama - RJ","Santos - SP",2,2,2016
"4",2016-08-24 19:30:00,"Atlético - PR","Grêmio - RS",0,1,2016
"4",2016-09-21 19:30:00,"Grêmio - RS","Atlético - PR",0,1,2016
"4",2016-08-24 21:45:00,"São Paulo - SP","Juventude - RS",1,2,2016
"4",2016-09-22 21:30:00,"Juventude - RS","São Paulo - SP",0,1,2016
"4",2016-08-24 21:45:00,"Atlético - MG","Ponte Preta - SP",1,1,2016
"4",2016-09-21 19:30:00,"Ponte Preta - SP","Atlético - MG",2,2,2016
"4",2016-08-31 19:30:00,"Palmeiras - SP","Botafogo - PB",3,0,2016
"4",2016-09-21 19:30:00,"Botafogo - PB","Palmeiras - SP",1,0,2016
"4",2016-08-31 21:45:00,"Fluminense - RJ","Corinthians - SP",1,1,2016
"4",2016-09-21 21:45:00,"Corinthians - SP","Fluminense - RJ",1,0,2016
"4",2016-08-31 21:45:00,"Internacional - RS","Fortaleza - CE",3,0,2016
"4",2016-09-22 19:15:00,"Fortaleza - CE","Internacional - RS",1,0,2016
"4",2016-09-01 20:00:00,"Botafogo - RJ","Cruzeiro - MG",2,5,2016
"4",2016-09-21 21:45:00,"Cruzeiro - MG","Botafogo - RJ",1,0,2016
"5",2016-09-28 19:30:00,"Atlético - MG","Juventude - RS",1,0,2016
"5",2016-10-19 19:30:00,"Juventude - RS","Atlético - MG",1,0,2016
"5",2016-09-28 19:30:00,"Santos - SP","Internacional - RS",2,1,2016
"5",2016-10-19 19:30:00,"Internacional - RS","Santos - SP",2,0,2016
"5",2016-09-28 21:45:00,"Grêmio - RS","Palmeiras - SP",2,1,2016
"5",2016-10-19 21:45:00,"Palmeiras - SP","Grêmio - RS",1,1,2016
"5",2016-09-28 21:45:00,"Corinthians - SP","Cruzeiro - MG",2,1,2016
"5",2016-10-19 21:45:00,"Cruzeiro - MG","Corinthians - SP",4,2,2016
"6",2016-10-26 21:45:00,"Internacional - RS","Atlético - MG",1,2,2016
"6",2016-11-02 21:45:00,"Atlético - MG","Internacional - RS",2,2,2016
"6",2016-10-26 21:45:00,"Cruzeiro - MG","Grêmio - RS",0,2,2016
"6",2016-11-02 21:45:00,"Grêmio - RS","Cruzeiro - MG",0,0,2016
"7",2016-11-23 21:45:00,"Atlético - MG","Grêmio - RS",1,3,2016
"7",2016-12-07 21:45:00,"Grêmio - RS","Atlético - MG",1,1,2016
"1",2017-02-08 17:00:00,"Murici - AL","Juventude - RS",3,1,2017
"1",2017-02-08 19:15:00,"Vitória da Conquista - BA","Coritiba - PR",1,1,2017
"1",2017-02-08 19:30:00,"Luziânia - DF","Vitória - BA",0,2,2017
"1",2017-02-08 19:30:00,"Campinense - PB","Ponte Preta - SP",0,2,2017
"1",2017-02-08 20:30:00,"Ferroviária - SP","Asa - AL",1,1,2017
"1",2017-02-08 20:30:00,"São Bento - SP","Paraná - PR",1,1,2017
"1",2017-02-08 20:30:00,"Pstc - PR","Ypiranga - RS",2,1,2017
"1",2017-02-08 20:30:00,"Audax - SP","América de Natal - RN",1,0,2017
"1",2017-02-08 21:30:00,"São Raimundo - RR","Boa - MG",0,2,2017
"1",2017-02-08 21:30:00,"Rondoniense - RO","Cuiabá - MT",0,2,2017
"1",2017-02-08 21:30:00,"Altos - PI","Crb - AL",2,0,2017
"1",2017-02-08 21:30:00,"S.francisco - PA","Botafogo - PB",3,0,2017
"1",2017-02-08 21:30:00,"Gurupi - TO","Londrina - PR",2,1,2017
"1",2017-02-08 21:30:00,"7 de Setembro - MS","Ríver - PI",1,0,2017
"1",2017-02-08 21:45:00,"Caldense - MG","Corinthians - SP",0,1,2017
"1",2017-02-08 22:30:00,"Csa - AL","Sport - PE",1,4,2017
"1",2017-02-08 23:30:00,"Atlético - AC","América - MG",0,2,2017
"1",2017-02-09 19:15:00,"São José - RS","Sampaio Correa - MA",1,1,2017
"1",2017-02-09 21:00:00,"Peixe da Amazonia - AP","Vasco da Gama - RJ",0,2,2017
"1",2017-02-09 21:30:00,"Moto Club - MA","São Paulo - SP",0,1,2017
"1",2017-02-15 16:00:00,"Boavista - RJ","Ceará - CE",1,0,2017
"1",2017-02-15 16:00:00,"Ceilândia - DF","Abc - RN",1,1,2017
"1",2017-02-15 19:15:00,"Anápolis - GO","Bragantino - SP",0,0,2017
"1",2017-02-15 19:15:00,"Desportiva - ES","Avaí - SC",1,2,2017
"1",2017-02-15 20:30:00,"Urt - MG","Luverdense - MT",1,2,2017
"1",2017-02-15 20:30:00,"Friburguense - RJ","Oeste - SP",0,1,2017
"1",2017-02-15 20:45:00,"Comercial - MS","Joinville - SC",0,1,2017
"1",2017-02-15 21:30:00,"Uniclinic - CE","Portuguesa - SP",1,2,2017
"1",2017-02-15 21:30:00,"São Raimundo - PA","Fortaleza - CE",2,1,2017
"1",2017-02-15 21:30:00,"Itabaiana - SE","Goiás - GO",2,4,2017
"1",2017-02-15 21:45:00,"Volta Redonda - RJ","Cruzeiro - MG",1,2,2017
"1",2017-02-15 21:45:00,"Globo - RN","Fluminense - RJ",2,5,2017
"1",2017-02-15 21:45:00,"Princesa do Solimões - AM","Internacional - RS",0,2,2017
"1",2017-02-15 22:30:00,"Guarani de Juazeiro - CE","Náutico - PE",1,0,2017
"1",2017-02-15 23:30:00,"Rio Branco - AC","Figueirense - SC",1,0,2017
"1",2017-02-16 16:00:00,"Santo André - SP","Criciúma - SC",0,1,2017
"1",2017-02-16 19:15:00,"Brusque - SC","Remo - PA",2,1,2017
"1",2017-02-16 21:30:00,"Sinop - MT","Salgueiro - PE",1,0,2017
"1",2017-02-16 21:30:00,"Sergipe - SE","Bahia - BA",0,2,2017
"1",2017-02-16 22:30:00,"Fast Clube - AM","Vila Nova - GO",1,1,2017
"2",2017-02-22 16:00:00,"Murici - AL","América - MG",0,0,2017
"2",2017-02-22 19:30:00,"Criciúma - SC","Altos - PI",2,2,2017
"2",2017-02-22 19:30:00,"Vitória - BA","Bragantino - SP",3,2,2017
"2",2017-02-22 19:30:00,"Portuguesa - SP","Boavista - RJ",0,2,2017
"2",2017-02-22 21:45:00,"Sport - PE","7 de Setembro - MS",3,0,2017
"2",2017-02-22 21:45:00,"Cruzeiro - MG","S.francisco - PA",6,0,2017
"2",2017-02-22 21:45:00,"Internacional - RS","Oeste - SP",4,1,2017
"2",2017-02-23 21:30:00,"Coritiba - PR","Asa - AL",0,2,2017
"2",2017-03-01 19:30:00,"Pstc - PR","São Paulo - SP",2,4,2017
"2",2017-03-01 19:30:00,"Sinop - MT","Fluminense - RJ",1,3,2017
"2",2017-03-01 19:30:00,"Joinville - SC","São Raimundo - PA",1,0,2017
"2",2017-03-01 19:30:00,"Avaí - SC","Luverdense - MT",1,1,2017
"2",2017-03-01 19:30:00,"Abc - RN","Audax - SP",1,1,2017
"2",2017-03-01 20:30:00,"Gurupi - TO","Rio Branco - AC",2,0,2017
"2",2017-03-01 20:30:00,"Sampaio Correa - MA","Guarani de Juazeiro - CE",2,0,2017
"2",2017-03-01 21:45:00,"Brusque - SC","Corinthians - SP",0,0,2017
"2",2017-03-01 21:45:00,"Boa - MG","Goiás - GO",0,0,2017
"2",2017-03-01 21:45:00,"Vila Nova - GO","Vasco da Gama - RJ",1,2,2017
"2",2017-03-02 19:30:00,"Ponte Preta - SP","Cuiabá - MT",1,1,2017
"2",2017-03-08 19:30:00,"Paraná - PR","Bahia - BA",2,0,2017
"3",2017-03-08 19:30:00,"Goiás - GO","Cuiabá - MT",4,0,2017
"3",2017-03-16 21:30:00,"Cuiabá - MT","Goiás - GO",1,1,2017
"3",2017-03-08 19:30:00,"São Paulo - SP","Abc - RN",3,1,2017
"3",2017-03-15 19:30:00,"Abc - RN","São Paulo - SP",1,1,2017
"3",2017-03-08 20:30:00,"Joinville - SC","Gurupi - TO",3,1,2017
"3",2017-03-15 20:30:00,"Gurupi - TO","Joinville - SC",1,0,2017
"3",2017-03-08 21:45:00,"Boavista - RJ","Sport - PE",0,3,2017
"3",2017-03-15 21:45:00,"Sport - PE","Boavista - RJ",1,0,2017
"3",2017-03-08 21:45:00,"Murici - AL","Cruzeiro - MG",0,2,2017
"3",2017-03-15 21:45:00,"Cruzeiro - MG","Murici - AL",3,0,2017
"3",2017-03-08 21:45:00,"Sampaio Correa - MA","Internacional - RS",1,4,2017
"3",2017-03-15 21:45:00,"Internacional - RS","Sampaio Correa - MA",3,0,2017
"3",2017-03-09 19:15:00,"Vasco da Gama - RJ","Vitória - BA",1,1,2017
"3",2017-03-16 19:30:00,"Vitória - BA","Vasco da Gama - RJ",1,0,2017
"3",2017-03-09 19:15:00,"Criciúma - SC","Fluminense - RJ",1,1,2017
"3",2017-03-15 19:30:00,"Fluminense - RJ","Criciúma - SC",3,2,2017
"3",2017-03-09 21:30:00,"Luverdense - MT","Corinthians - SP",0,2,2017
"3",2017-03-16 19:30:00,"Corinthians - SP","Luverdense - MT",1,1,2017
"3",2017-03-16 21:30:00,"Asa - AL","Paraná - PR",0,0,2017
"3",2017-04-05 20:30:00,"Paraná - PR","Asa - AL",0,0,2017
"4",2017-04-12 21:45:00,"Sport - PE","Joinville - SC",2,1,2017
"4",2017-04-19 21:45:00,"Joinville - SC","Sport - PE",2,1,2017
"4",2017-04-12 21:45:00,"Internacional - RS","Corinthians - SP",1,1,2017
"4",2017-04-19 21:45:00,"Corinthians - SP","Internacional - RS",1,1,2017
"4",2017-04-13 19:15:00,"Vitória - BA","Paraná - PR",0,2,2017
"4",2017-04-19 19:30:00,"Paraná - PR","Vitória - BA",0,0,2017
"4",2017-04-13 21:30:00,"Goiás - GO","Fluminense - RJ",2,1,2017
"4",2017-04-19 21:45:00,"Fluminense - RJ","Goiás - GO",3,0,2017
"4",2017-04-13 21:30:00,"São Paulo - SP","Cruzeiro - MG",0,2,2017
"4",2017-04-19 19:30:00,"Cruzeiro - MG","São Paulo - SP",1,2,2017
"5",2017-04-26 19:30:00,"Santos - SP","Paysandu - PA",2,0,2017
"5",2017-05-10 21:45:00,"Paysandu - PA","Santos - SP",1,3,2017
"5",2017-04-26 21:45:00,"Botafogo - RJ","Sport - PE",2,1,2017
"5",2017-05-31 21:45:00,"Sport - PE","Botafogo - RJ",1,1,2017
"5",2017-05-03 21:45:00,"Cruzeiro - MG","Chapecoense - SC",1,0,2017
"5",2017-06-01 21:30:00,"Chapecoense - SC","Cruzeiro - MG",0,0,2017
"5",2017-05-10 19:30:00,"Flamengo - RJ","Atlético - GO",0,0,2017
"5",2017-05-24 21:45:00,"Atlético - GO","Flamengo - RJ",1,2,2017
"5",2017-05-10 21:45:00,"Santa Cruz - PE","Atlético - PR",0,0,2017
"5",2017-05-31 19:30:00,"Atlético - PR","Santa Cruz - PE",2,0,2017
"5",2017-05-17 21:45:00,"Grêmio - RS","Fluminense - RJ",3,1,2017
"5",2017-05-31 19:30:00,"Fluminense - RJ","Grêmio - RS",0,2,2017
"5",2017-05-17 21:45:00,"Palmeiras - SP","Internacional - RS",1,0,2017
"5",2017-05-31 21:45:00,"Internacional - RS","Palmeiras - SP",2,1,2017
"5",2017-05-24 21:45:00,"Paraná - PR","Atlético - MG",3,2,2017
"5",2017-05-31 21:45:00,"Atlético - MG","Paraná - PR",2,0,2017
"6",2017-06-28 19:30:00,"Grêmio - RS","Atlético - PR",4,0,2017
"6",2017-07-27 21:45:00,"Atlético - PR","Grêmio - RS",2,3,2017
"6",2017-06-28 21:45:00,"Palmeiras - SP","Cruzeiro - MG",3,3,2017
"6",2017-07-26 21:45:00,"Cruzeiro - MG","Palmeiras - SP",1,1,2017
"6",2017-06-28 21:45:00,"Flamengo - RJ","Santos - SP",2,0,2017
"6",2017-07-26 21:45:00,"Santos - SP","Flamengo - RJ",4,2,2017
"6",2017-06-29 19:30:00,"Atlético - MG","Botafogo - RJ",1,0,2017
"6",2017-07-26 19:30:00,"Botafogo - RJ","Atlético - MG",3,0,2017
"7",2017-08-16 21:45:00,"Botafogo - RJ","Flamengo - RJ",0,0,2017
"7",2017-08-23 21:45:00,"Flamengo - RJ","Botafogo - RJ",1,0,2017
"7",2017-08-16 21:45:00,"Grêmio - RS","Cruzeiro - MG",1,0,2017
"7",2017-08-23 21:45:00,"Cruzeiro - MG","Grêmio - RS",1,0,2017
"8",2017-09-07 21:45:00,"Flamengo - RJ","Cruzeiro - MG",1,1,2017
"8",2017-09-27 21:45:00,"Cruzeiro - MG","Flamengo - RJ",0,0,2017
"1",2018-01-30 20:00:00,"Vitória da Conquista - BA","Boa - MG",0,0,2018
"1",2018-01-30 21:30:00,"Caxias - RS","Atlético - PR",0,0,2018
"1",2018-01-31 16:00:00,"Nova Iguaçu - RJ","Bragantino - SP",1,1,2018
"1",2018-01-31 19:30:00,"Boavista - RJ","Internacional - RS",1,1,2018
"1",2018-01-31 19:30:00,"Caldense - MG","Fluminense - RJ",0,1,2018
"1",2018-01-31 20:00:00,"Aimoré - RS","Cuiabá - MT",1,2,2018
"1",2018-01-31 20:00:00,"Tubarão - SC","América - RN",2,0,2018
"1",2018-01-31 20:30:00,"Uberlândia - MG","Ituano - SP",2,0,2018
"1",2018-01-31 21:30:00,"Itabaiana - SE","Joinville - SC",0,1,2018
"1",2018-01-31 21:30:00,"Treze - PB","Figueirense - SC",0,2,2018
"1",2018-01-31 21:30:00,"Cordino - MA","Náutico - PE",1,1,2018
"1",2018-01-31 21:30:00,"Floresta - CE","Botafogo - PB",0,2,2018
"1",2018-01-31 21:30:00,"Interporto - TO","Juventude - RS",0,0,2018
"1",2018-01-31 21:30:00,"Novoperario - MS","Salgueiro - PE",2,3,2018
"1",2018-01-31 21:30:00,"Independente - PA","Sampaio Correa - MA",0,1,2018
"1",2018-01-31 21:45:00,"Madureira - RJ","São Paulo - SP",0,1,2018
"1",2018-01-31 22:00:00,"Real Desportivo - RO","Londrina - PR",0,1,2018
"1",2018-01-31 22:30:00,"Fluminense de Feira - BA","Santa Cruz - PE",2,0,2018
"1",2018-02-01 19:15:00,"Urt - MG","Paraná - PR",1,1,2018
"1",2018-02-01 21:30:00,"Novo Hamburgo - RS","Paysandu - PA",2,1,2018
"1",2018-02-06 19:15:00,"Nacional - AM","Ponte Preta - SP",0,0,2018
"1",2018-02-06 20:15:00,"Brasiliense - DF","Oeste - SP",1,1,2018
"1",2018-02-06 20:30:00,"Inter de Limeira - SP","Rio Branco - AC",1,0,2018
"1",2018-02-06 21:30:00,"Aparecidense - GO","Botafogo - RJ",2,1,2018
"1",2018-02-07 16:00:00,"Ceilândia - DF","Avaí - SC",2,3,2018
"1",2018-02-07 16:30:00,"Atletico - ES","Remo - PA",0,2,2018
"1",2018-02-07 17:00:00,"Altos - PI","Atlético - GO",2,1,2018
"1",2018-02-07 19:30:00,"Santos - AP","Sport - PE",1,2,2018
"1",2018-02-07 19:30:00,"Globo - RN","Vitória - BA",0,2,2018
"1",2018-02-07 19:30:00,"São Caetano - SP","Criciúma - SC",1,1,2018
"1",2018-02-07 19:30:00,"Parnahyba - PI","Coritiba - PR",1,1,2018
"1",2018-02-07 20:30:00,"Cianorte - PR","Abc - RN",2,0,2018
"1",2018-02-07 21:30:00,"Corumbaense - MS","Asa - AL",1,0,2018
"1",2018-02-07 21:30:00,"Sinop - MT","Goiás - GO",0,1,2018
"1",2018-02-07 21:30:00,"União de Rondonópolis - MT","Crb - AL",1,3,2018
"1",2018-02-07 21:30:00,"Ferroviário - CE","Confiança - SE",2,1,2018
"1",2018-02-07 21:45:00,"Atlético - AC","Atlético - MG",1,1,2018
"1",2018-02-07 21:45:00,"Brusque - SC","Ceará - CE",0,1,2018
"1",2018-02-07 22:30:00,"Manaus - AM","Csa - AL",2,2,2018
"1",2018-02-07 22:30:00,"São Raimundo - RR","Vila Nova - GO",0,1,2018
"2",2018-02-14 22:30:00,"Fluminense de Feira - BA","Náutico - PE",0,1,2018
"2",2018-02-15 19:15:00,"Vitória - BA","Corumbaense - MS",3,0,2018
"2",2018-02-15 19:15:00,"Fluminense - RJ","Salgueiro - PE",5,0,2018
"2",2018-02-15 19:15:00,"Sport - PE","Ferroviário - CE",3,3,2018
"2",2018-02-15 21:30:00,"Csa - AL","São Paulo - SP",0,2,2018
"2",2018-02-15 21:30:00,"Novo Hamburgo - RS","Crb - AL",1,1,2018
"2",2018-02-21 19:30:00,"Atlético - PR","Tubarão - SC",5,4,2018
"2",2018-02-21 19:30:00,"Remo - PA","Internacional - RS",1,2,2018
"2",2018-02-21 19:30:00,"Londrina - PR","Ceará - CE",1,2,2018
"2",2018-02-21 20:30:00,"Goiás - GO","Boa - MG",0,0,2018
"2",2018-02-21 20:30:00,"Bragantino - SP","Altos - PI",1,0,2018
"2",2018-02-21 20:30:00,"Criciúma - SC","Cianorte - PR",1,1,2018
"2",2018-02-21 20:30:00,"Figueirense - SC","Oeste - SP",2,1,2018
"2",2018-02-21 21:30:00,"Cuiabá - MT","Aparecidense - GO",3,1,2018
"2",2018-02-21 21:45:00,"Ponte Preta - SP","Inter de Limeira - SP",1,0,2018
"2",2018-02-21 21:45:00,"Botafogo - PB","Atlético - MG",0,4,2018
"2",2018-02-22 19:15:00,"Vila Nova - GO","Joinville - SC",2,2,2018
"2",2018-02-22 19:15:00,"Juventude - RS","Avaí - SC",0,2,2018
"2",2018-02-22 21:30:00,"Uberlândia - MG","Coritiba - PR",0,2,2018
"2",2018-02-22 21:30:00,"Sampaio Correa - MA","Paraná - PR",1,0,2018
"3",2018-02-28 19:30:00,"Ponte Preta - SP","Sampaio Correa - MA",0,0,2018
"3",2018-03-15 19:15:00,"Sampaio Correa - MA","Ponte Preta - SP",0,0,2018
"3",2018-02-28 19:30:00,"São Paulo - SP","Crb - AL",2,0,2018
"3",2018-03-14 19:30:00,"Crb - AL","São Paulo - SP",0,3,2018
"3",2018-02-28 19:30:00,"Bragantino - SP","Vitória - BA",1,0,2018
"3",2018-03-15 19:15:00,"Vitória - BA","Bragantino - SP",3,0,2018
"3",2018-02-28 19:30:00,"Náutico - PE","Cuiabá - MT",2,1,2018
"3",2018-03-14 21:45:00,"Cuiabá - MT","Náutico - PE",0,1,2018
"3",2018-02-28 19:30:00,"Goiás - GO","Coritiba - PR",1,0,2018
"3",2018-03-14 19:30:00,"Coritiba - PR","Goiás - GO",1,1,2018
"3",2018-02-28 20:30:00,"Ferroviário - CE","Vila Nova - GO",1,1,2018
"3",2018-03-15 20:30:00,"Vila Nova - GO","Ferroviário - CE",0,1,2018
"3",2018-02-28 21:30:00,"Atlético - PR","Ceará - CE",0,0,2018
"3",2018-03-15 21:30:00,"Ceará - CE","Atlético - PR",1,1,2018
"3",2018-02-28 21:45:00,"Figueirense - SC","Atlético - MG",0,1,2018
"3",2018-03-14 21:45:00,"Atlético - MG","Figueirense - SC",1,2,2018
"3",2018-03-01 19:15:00,"Internacional - RS","Cianorte - PR",2,0,2018
"3",2018-03-14 19:30:00,"Cianorte - PR","Internacional - RS",0,2,2018
"3",2018-03-01 19:15:00,"Fluminense - RJ","Avaí - SC",1,2,2018
"3",2018-03-15 21:30:00,"Avaí - SC","Fluminense - RJ",1,0,2018
"4",2018-04-04 19:30:00,"Atlético - MG","Ferroviário - CE",4,0,2018
"4",2018-04-18 21:45:00,"Ferroviário - CE","Atlético - MG",2,2,2018
"4",2018-04-04 21:45:00,"Atlético - PR","São Paulo - SP",2,1,2018
"4",2018-04-19 19:15:00,"São Paulo - SP","Atlético - PR",2,2,2018
"4",2018-04-11 19:30:00,"Internacional - RS","Vitória - BA",2,1,2018
"4",2018-04-19 19:15:00,"Vitória - BA","Internacional - RS",1,0,2018
"4",2018-04-11 19:30:00,"Avaí - SC","Goiás - GO",2,2,2018
"4",2018-04-18 19:30:00,"Goiás - GO","Avaí - SC",2,0,2018
"4",2018-04-11 21:45:00,"Ponte Preta - SP","Náutico - PE",3,0,2018
"4",2018-04-18 21:45:00,"Náutico - PE","Ponte Preta - SP",1,0,2018
"5",2018-04-25 19:30:00,"Goiás - GO","Grêmio - RS",0,2,2018
"5",2018-05-09 19:30:00,"Grêmio - RS","Goiás - GO",3,1,2018
"5",2018-04-25 19:30:00,"Vitória - BA","Corinthians - SP",0,0,2018
"5",2018-05-10 19:30:00,"Corinthians - SP","Vitória - BA",3,1,2018
"5",2018-05-02 19:30:00,"Atlético - MG","Chapecoense - SC",0,0,2018
"5",2018-05-16 19:30:00,"Chapecoense - SC","Atlético - MG",0,0,2018
"5",2018-05-02 19:30:00,"Ponte Preta - SP","Flamengo - RJ",0,1,2018
"5",2018-05-10 19:30:00,"Flamengo - RJ","Ponte Preta - SP",0,0,2018
"5",2018-05-09 19:30:00,"América - MG","Palmeiras - SP",1,2,2018
"5",2018-05-23 21:45:00,"Palmeiras - SP","América - MG",1,1,2018
"5",2018-05-09 21:45:00,"Bahia - BA","Vasco da Gama - RJ",3,0,2018
"5",2018-07-16 20:00:00,"Vasco da Gama - RJ","Bahia - BA",2,0,2018
"5",2018-05-10 21:45:00,"Santos - SP","Luverdense - MT",5,1,2018
"5",2018-05-17 19:15:00,"Luverdense - MT","Santos - SP",2,1,2018
"5",2018-05-16 21:45:00,"Atlético - PR","Cruzeiro - MG",1,2,2018
"5",2018-07-16 20:00:00,"Cruzeiro - MG","Atlético - PR",1,1,2018
"6",2018-08-01 19:30:00,"Santos - SP","Cruzeiro - MG",0,1,2018
"6",2018-08-15 19:30:00,"Cruzeiro - MG","Santos - SP",1,2,2018
"6",2018-08-01 21:45:00,"Corinthians - SP","Chapecoense - SC",1,0,2018
"6",2018-08-15 21:45:00,"Chapecoense - SC","Corinthians - SP",0,1,2018
"6",2018-08-01 21:45:00,"Grêmio - RS","Flamengo - RJ",1,1,2018
"6",2018-08-15 21:45:00,"Flamengo - RJ","Grêmio - RS",1,0,2018
"6",2018-08-02 19:15:00,"Bahia - BA","Palmeiras - SP",0,0,2018
"6",2018-08-16 19:15:00,"Palmeiras - SP","Bahia - BA",1,0,2018
"7",2018-09-12 21:45:00,"Flamengo - RJ","Corinthians - SP",0,0,2018
"7",2018-09-26 21:45:00,"Corinthians - SP","Flamengo - RJ",2,1,2018
"7",2018-09-12 21:45:00,"Palmeiras - SP","Cruzeiro - MG",0,1,2018
"7",2018-09-26 21:45:00,"Cruzeiro - MG","Palmeiras - SP",1,1,2018
"8",2018-10-10 21:45:00,"Cruzeiro - MG","Corinthians - SP",1,0,2018
"8",2018-10-17 21:45:00,"Corinthians - SP","Cruzeiro - MG",1,2,2018
"1",2019-02-05 21:30:00,"River - PI","Fluminense - RJ",0,5,2019
"1",2019-02-06 16:00:00,"Votuporanguense - SP","Ypiranga - RS",0,1,2019
"1",2019-02-06 19:15:00,"Altos - PI","Santos - SP",1,7,2019
"1",2019-02-06 20:30:00,"Sobradinho - DF","América - RN",0,0,2019
"1",2019-02-06 20:30:00,"Foz do Iguaçu - PR","Boa - MG",1,0,2019
"1",2019-02-06 21:00:00,"Santa Cruz - RN","Tupi - MG",1,0,2019
"1",2019-02-06 21:30:00,"Itabaiana - SE","Paraná - PR",2,5,2019
"1",2019-02-06 21:30:00,"Palmas Ltda - TO","Juventude - RS",0,1,2019
"1",2019-02-06 21:30:00,"Mixto - MT","Csa - AL",1,0,2019
"1",2019-02-06 21:30:00,"Corumbaense - MS","Luverdense - MT",0,0,2019
"1",2019-02-06 21:30:00,"Atlético Cearense - CE","Joinville - SC",2,0,2019
"1",2019-02-06 21:30:00,"Juazeirense - BA","Vasco da Gama - RJ",2,2,2019
"1",2019-02-06 22:15:00,"Central - PE","Ceará - CE",1,1,2019
"1",2019-02-07 18:30:00,"Americano - RJ","Londrina - PR",1,2,2019
"1",2019-02-07 21:00:00,"Ferroviário - CE","Corinthians - SP",2,2,2019
"1",2019-02-12 21:30:00,"Imperatriz - MA","Náutico - PE",1,1,2019
"1",2019-02-13 16:30:00,"Bragantino - PA","Asa - AL",1,0,2019
"1",2019-02-13 16:30:00,"Brasiliense - DF","Crb - AL",0,0,2019
"1",2019-02-13 19:00:00,"São José - RS","Chapecoense - SC",0,0,2019
"1",2019-02-13 20:00:00,"São Raimundo - PA","Criciúma - SC",0,2,2019
"1",2019-02-13 20:30:00,"Brusque - SC","Atlético - GO",1,1,2019
"1",2019-02-13 20:30:00,"Sergipe - SE","Goiás - GO",0,2,2019
"1",2019-02-13 20:30:00,"Real Desportivo - RO","Avaí - SC",1,4,2019
"1",2019-02-13 20:30:00,"Serra F. C. - ES","Remo - PA",1,0,2019
"1",2019-02-13 20:30:00,"Avenida - RS","Guarani - SP",1,0,2019
"1",2019-02-13 20:30:00,"Galvez - AC","Abc - RN",0,1,2019
"1",2019-02-13 20:30:00,"Boavista - RJ","Figueirense - SC",1,2,2019
"1",2019-02-13 21:30:00,"Campinense - PB","Botafogo - RJ",0,2,2019
"1",2019-02-13 21:30:00,"Ypiranga - AP","Cuiabá - MT",0,1,2019
"1",2019-02-13 21:30:00,"São Raimundo - RR","America - MG",0,0,2019
"1",2019-02-13 21:30:00,"Tombense - MG","Sport - PE",3,0,2019
"1",2019-02-13 21:30:00,"Operário - MS","Botafogo - PB",1,4,2019
"1",2019-02-13 22:15:00,"Moto Club - MA","Vitória - BA",2,0,2019
"1",2019-02-13 22:30:00,"Manaus - AM","Vila Nova - GO",1,1,2019
"1",2019-02-13 23:30:00,"Rio Branco - AC","Bahia - BA",2,2,2019
"1",2019-02-14 19:00:00,"Tubarão - SC","Brasil - RS",0,0,2019
"1",2019-02-14 21:15:00,"Urt - MG","Coritiba - PR",3,2,2019
"1",2019-02-14 22:30:00,"Fast Clube - AM","Oeste - SP",1,6,2019
"1",2019-02-14 22:30:00,"Sinop - MT","Santa Cruz - PE",1,2,2019
"1",2019-04-03 19:15:00,"Aparecidense - GO","Ponte Preta - SP",2,0,2019
"2",2019-02-19 19:15:00,"Londrina - PR","Paraná - PR",1,1,2019
"2",2019-02-20 19:15:00,"Luverdense - MT","Figueirense - SC",1,0,2019
"2",2019-02-20 21:30:00,"Corinthians - SP","Avenida - RS",4,2,2019
"2",2019-02-20 21:30:00,"Santa Cruz - PE","Náutico - PE",1,1,2019
"2",2019-02-20 21:30:00,"Serra F. C. - ES","Vasco da Gama - RJ",0,2,2019
"2",2019-02-21 19:15:00,"Criciúma - SC","Oeste - SP",0,0,2019
"2",2019-02-21 21:30:00,"Goiás - GO","Crb - AL",1,1,2019
"2",2019-02-26 21:30:00,"Atlético Cearense - CE","Atlético - GO",0,4,2019
"2",2019-02-27 19:15:00,"Foz do Iguaçu - PR","Ceará - CE",0,0,2019
"2",2019-02-27 21:30:00,"Botafogo - RJ","Cuiabá - MT",3,0,2019
"2",2019-02-27 21:30:00,"Urt - MG","Bragantino - PA",2,2,2019
"2",2019-02-28 19:15:00,"Tombense - MG","Botafogo - PB",2,2,2019
"2",2019-02-28 21:30:00,"Juventude - RS","America - MG",2,1,2019
"2",2019-03-06 19:15:00,"Santa Cruz - RN","Bahia - BA",0,1,2019
"2",2019-03-06 21:30:00,"Fluminense - RJ","Ypiranga - RS",3,0,2019
"2",2019-03-06 21:30:00,"Mixto - MT","Chapecoense - SC",1,2,2019
"2",2019-03-07 19:15:00,"Avaí - SC","Brasil - RS",2,0,2019
"2",2019-03-07 20:30:00,"Abc - RN","Moto Club - MA",2,2,2019
"2",2019-03-07 21:30:00,"Santos - SP","América - RN",4,0,2019
"2",2019-04-10 19:15:00,"Bragantino - PA","Aparecidense - GO",3,2,2019
"3",2019-03-13 19:15:00,"Botafogo - PB","Londrina - PR",0,2,2019
"3",2019-04-03 20:30:00,"Londrina - PR","Botafogo - PB",3,3,2019
"3",2019-03-13 21:30:00,"Ceará - CE","Corinthians - SP",1,3,2019
"3",2019-04-03 21:30:00,"Corinthians - SP","Ceará - CE",0,1,2019
"3",2019-03-14 21:30:00,"Vasco da Gama - RJ","Avaí - SC",3,2,2019
"3",2019-04-10 21:30:00,"Avaí - SC","Vasco da Gama - RJ",0,1,2019
"3",2019-03-27 19:15:00,"Chapecoense - SC","Criciúma - SC",3,2,2019
"3",2019-04-10 19:15:00,"Criciúma - SC","Chapecoense - SC",0,2,2019
"3",2019-04-02 19:15:00,"Crb - AL","Bahia - BA",1,1,2019
"3",2019-04-09 19:15:00,"Bahia - BA","Crb - AL",1,0,2019
"3",2019-04-03 19:15:00,"Luverdense - MT","Fluminense - RJ",0,0,2019
"3",2019-04-10 19:15:00,"Fluminense - RJ","Luverdense - MT",2,0,2019
"3",2019-04-03 21:30:00,"Abc - RN","Santa Cruz - PE",1,0,2019
"3",2019-04-10 21:30:00,"Santa Cruz - PE","Abc - RN",3,0,2019
"3",2019-04-04 19:15:00,"Atlético - GO","Santos - SP",1,0,2019
"3",2019-04-11 21:30:00,"Santos - SP","Atlético - GO",3,0,2019
"3",2019-04-04 21:30:00,"Botafogo - RJ","Juventude - RS",1,1,2019
"3",2019-04-11 19:15:00,"Juventude - RS","Botafogo - RJ",2,1,2019
"3",2019-04-16 20:00:00,"Bragantino - PA","Bragantino - PA",2,0,2019
"3",2019-04-20 16:00:00,"Bragantino - PA","Bragantino - PA",2,1,2019
"4",2019-04-17 19:15:00,"Santos - SP","Vasco da Gama - RJ",2,0,2019
"4",2019-04-24 19:15:00,"Vasco da Gama - RJ","Santos - SP",2,1,2019
"4",2019-04-17 21:30:00,"Fluminense - RJ","Santa Cruz - PE",2,0,2019
"4",2019-04-25 21:30:00,"Santa Cruz - PE","Fluminense - RJ",2,0,2019
"4",2019-04-17 21:30:00,"Chapecoense - SC","Corinthians - SP",1,0,2019
"4",2019-04-24 21:30:00,"Corinthians - SP","Chapecoense - SC",2,0,2019
"4",2019-04-18 20:00:00,"Bahia - BA","Londrina - PR",4,0,2019
"4",2019-04-25 19:15:00,"Londrina - PR","Bahia - BA",2,1,2019
"4",2019-04-24 21:30:00,"Juventude - RS","Bragantino - PA",0,0,2019
"4",2019-05-07 21:30:00,"Bragantino - PA","Juventude - RS",0,0,2019
"5",2019-05-15 19:15:00,"Atlético - MG","Santos - SP",0,0,2019
"5",2019-06-06 20:00:00,"Santos - SP","Atlético - MG",1,2,2019
"5",2019-05-15 21:30:00,"Corinthians - SP","Flamengo - RJ",0,1,2019
"5",2019-06-04 21:30:00,"Flamengo - RJ","Corinthians - SP",1,0,2019
"5",2019-05-15 21:30:00,"Fluminense - RJ","Cruzeiro - MG",1,1,2019
"5",2019-06-05 19:15:00,"Cruzeiro - MG","Fluminense - RJ",2,2,2019
"5",2019-05-16 19:15:00,"Fortaleza - CE","Athletico Paranaense - PR",0,0,2019
"5",2019-06-05 19:15:00,"Athletico Paranaense - PR","Fortaleza - CE",1,0,2019
"5",2019-05-22 19:15:00,"Sampaio Correa - MA","Palmeiras - SP",0,1,2019
"5",2019-05-30 20:00:00,"Palmeiras - SP","Sampaio Correa - MA",2,0,2019
"5",2019-05-22 21:30:00,"Juventude - RS","Grêmio - RS",0,0,2019
"5",2019-05-29 21:30:00,"Grêmio - RS","Juventude - RS",3,0,2019
"5",2019-05-22 21:30:00,"São Paulo - SP","Bahia - BA",0,1,2019
"5",2019-05-29 21:30:00,"Bahia - BA","São Paulo - SP",1,0,2019
"5",2019-05-23 20:00:00,"Internacional - RS","Paysandu - PA",3,1,2019
"5",2019-05-29 19:15:00,"Paysandu - PA","Internacional - RS",0,1,2019
"6",2019-07-10 19:15:00,"Grêmio - RS","Bahia - BA",1,1,2019
"6",2019-07-17 19:15:00,"Bahia - BA","Grêmio - RS",0,1,2019
"6",2019-07-10 21:30:00,"Athletico Paranaense - PR","Flamengo - RJ",1,1,2019
"6",2019-07-17 21:30:00,"Flamengo - RJ","Athletico Paranaense - PR",1,1,2019
"6",2019-07-10 21:30:00,"Palmeiras - SP","Internacional - RS",1,0,2019
"6",2019-07-17 21:30:00,"Internacional - RS","Palmeiras - SP",1,0,2019
"6",2019-07-11 20:00:00,"Cruzeiro - MG","Atlético - MG",3,0,2019
"6",2019-07-17 19:15:00,"Atlético - MG","Cruzeiro - MG",2,0,2019
"7",2019-08-07 21:30:00,"Cruzeiro - MG","Internacional - RS",0,1,2019
"7",2019-09-04 21:30:00,"Internacional - RS","Cruzeiro - MG",3,0,2019
"7",2019-08-14 21:30:00,"Grêmio - RS","Athletico Paranaense - PR",2,0,2019
"7",2019-09-04 19:00:00,"Athletico Paranaense - PR","Grêmio - RS",2,0,2019
"8",2019-09-11 21:30:00,"Athletico Paranaense - PR","Internacional - RS",1,0,2019
"8",2019-09-18 21:30:00,"Internacional - RS","Athletico Paranaense - PR",1,2,2019
"1",2020-02-05 15:30:00,"Coruripe - AL","Juventude - RS",0,0,2020
"1",2020-02-05 15:30:00,"Barbalha - CE","Operário - PR",0,3,2020
"1",2020-02-05 15:30:00,"Independente - PA","Crb - AL",2,3,2020
"1",2020-02-05 16:30:00,"Santo André - SP","Criciúma - SC",4,1,2020
"1",2020-02-05 20:30:00,"Xv de Piracicaba - SP","Londrina - PR",1,0,2020
"1",2020-02-05 20:30:00,"Bahia de Feira - BA","Luverdense - MT",3,1,2020
"1",2020-02-05 20:30:00,"Santos - AP","America - MG",1,1,2020
"1",2020-02-05 20:30:00,"São Luiz - RS","América - RN",0,0,2020
"1",2020-02-05 20:30:00,"Vilhenense - RO","Boa - MG",1,1,2020
"1",2020-02-05 21:30:00,"River - PI","Bahia - BA",1,0,2020
"1",2020-02-05 21:30:00,"Caxias - RS","Botafogo - RJ",1,1,2020
"1",2020-02-05 21:30:00,"Palmas Ltda - TO","Paraná - PR",0,2,2020
"1",2020-02-05 21:30:00,"Aquidauanense - MS","ABC - RN",0,1,2020
"1",2020-02-05 21:30:00,"Operário - MT","Santa Cruz - PE",0,0,2020
"1",2020-02-05 22:30:00,"Fast Clube - AM","Goiás - GO",0,2,2020
"1",2020-02-06 16:30:00,"Novorizontino - SP","Figueirense - SC",1,2,2020
"1",2020-02-06 19:15:00,"Brasiliense - DF","Paysandu - PA",1,1,2020
"1",2020-02-06 20:30:00,"Vitoria F. C. - ES","Csa - AL",2,1,2020
"1",2020-02-06 21:30:00,"União - MT","Atlético - GO",0,1,2020
"1",2020-02-11 21:30:00,"Imperatriz - MA","Vitória - BA",0,0,2020
"1",2020-02-12 15:30:00,"Bragantino - PA","Ceará - CE",1,2,2020
"1",2020-02-12 16:00:00,"Caucaia - CE","São José - RS",1,2,2020
"1",2020-02-12 16:00:00,"Frei Paulistano - SE","Remo - PA",1,2,2020
"1",2020-02-12 16:00:00,"Bangu - RJ","Oeste - SP",1,1,2020
"1",2020-02-12 19:15:00,"Brusque - SC","Sport - PE",2,1,2020
"1",2020-02-12 20:30:00,"Atlético - BA","Botafogo - PB",0,0,2020
"1",2020-02-12 20:30:00,"Gama - DF","Brasil - RS",3,3,2020
"1",2020-02-12 21:30:00,"Galvez - AC","Vila Nova - GO",0,1,2020
"1",2020-02-12 21:30:00,"Altos - PI","Vasco da Gama - RJ",1,1,2020
"1",2020-02-12 21:30:00,"Águia Negra - MS","Sampaio Corrêa - MA",2,1,2020
"1",2020-02-12 21:30:00,"Campinense - PB","Atlético - MG",0,0,2020
"1",2020-02-12 21:30:00,"Toledo - PR","Náutico - PE",0,2,2020
"1",2020-02-12 22:30:00,"Manaus - AM","Coritiba - PR",1,0,2020
"1",2020-02-13 16:30:00,"Ferroviária - SP","Avaí - SC",2,0,2020
"1",2020-02-13 19:15:00,"Novo Hamburgo - RS","Ponte Preta - SP",1,2,2020
"1",2020-02-13 20:30:00,"Afogados - PE","Atlético - AC",3,0,2020
"1",2020-02-13 21:30:00,"São Raimundo - RR","Cruzeiro - MG",2,2,2020
"1",2020-02-19 15:30:00,"Lagarto - SE","Volta Redonda - RJ",1,0,2020
"1",2020-02-19 19:15:00,"Boavista - RJ","Chapecoense - SC",0,2,2020
"1",2020-02-26 21:30:00,"Moto Club - MA","Fluminense - RJ",2,4,2020
"2",2020-02-18 21:30:00,"Vitoria F. C. - ES","Figueirense - SC",0,1,2020
"2",2020-02-19 19:15:00,"Paysandu - PA","Crb - AL",1,1,2020
"2",2020-02-19 21:30:00,"Náutico - PE","Botafogo - RJ",1,1,2020
"2",2020-02-19 21:30:00,"Oeste - SP","Ceará - CE",1,1,2020
"2",2020-02-20 21:30:00,"Brusque - SC","Remo - PA",5,1,2020
"2",2020-02-26 16:30:00,"Xv de Piracicaba - SP","Juventude - RS",1,1,2020
"2",2020-02-26 19:15:00,"Paraná - PR","Bahia de Feira - BA",3,2,2020
"2",2020-02-26 20:30:00,"River - PI","América - RN",1,1,2020
"2",2020-02-26 20:30:00,"Ferroviária - SP","Águia Negra - MS",6,2,2020
"2",2020-02-26 21:30:00,"Afogados - PE","Atlético - MG",2,2,2020
"2",2020-02-27 19:15:00,"São José - RS","Chapecoense - SC",0,0,2020
"2",2020-02-27 21:30:00,"Ponte Preta - SP","Vila Nova - GO",0,0,2020
"2",2020-03-04 19:15:00,"Fluminense - RJ","Botafogo - PB",2,0,2020
"2",2020-03-04 19:15:00,"Santo André - SP","Goiás - GO",0,2,2020
"2",2020-03-04 20:30:00,"Brasil - RS","Manaus - AM",1,0,2020
"2",2020-03-04 21:30:00,"Boa - MG","Cruzeiro - MG",1,1,2020
"2",2020-03-04 21:30:00,"Atlético - GO","Santa Cruz - PE",1,1,2020
"2",2020-03-05 19:15:00,"Vitória - BA","Lagarto - SE",3,1,2020
"2",2020-03-05 20:00:00,"Operário - PR","America - MG",0,2,2020
"2",2020-03-05 21:30:00,"Vasco da Gama - RJ","ABC - RN",1,0,2020
"3",2020-03-10 19:15:00,"Botafogo - RJ","Paraná - PR",1,0,2020
"3",2020-08-26 19:00:00,"Paraná - PR","Botafogo - RJ",1,2,2020
"3",2020-03-11 19:15:00,"Figueirense - SC","Fluminense - RJ",1,0,2020
"3",2020-08-25 21:30:00,"Fluminense - RJ","Figueirense - SC",3,0,2020
"3",2020-03-11 19:15:00,"Ferroviária - SP","America - MG",0,0,2020
"3",2020-08-25 19:00:00,"America - MG","Ferroviária - SP",1,0,2020
"3",2020-03-11 19:15:00,"Juventude - RS","América - RN",1,1,2020
"3",2020-08-26 16:00:00,"América - RN","Juventude - RS",1,1,2020
"3",2020-03-11 21:30:00,"Cruzeiro - MG","Crb - AL",0,2,2020
"3",2020-08-26 16:00:00,"Crb - AL","Cruzeiro - MG",1,1,2020
"3",2020-03-11 21:30:00,"Atlético - GO","São José - RS",2,0,2020
"3",2020-08-27 21:30:00,"São José - RS","Atlético - GO",1,0,2020
"3",2020-03-12 19:15:00,"Ceará - CE","Vitória - BA",1,0,2020
"3",2020-08-26 21:30:00,"Vitória - BA","Ceará - CE",3,4,2020
"3",2020-03-12 19:15:00,"Ponte Preta - SP","Afogados - PE",3,0,2020
"3",2020-08-25 16:00:00,"Afogados - PE","Ponte Preta - SP",0,2,2020
"3",2020-03-12 21:30:00,"Vasco da Gama - RJ","Goiás - GO",0,1,2020
"3",2020-08-26 21:30:00,"Goiás - GO","Vasco da Gama - RJ",1,2,2020
"3",2020-03-12 21:30:00,"Brasil - RS","Brusque - SC",0,1,2020
"3",2020-08-27 19:00:00,"Brusque - SC","Brasil - RS",1,0,2020
"4",2020-09-16 19:00:00,"Ponte Preta - SP","America - MG",2,2,2020
"4",2020-09-22 21:30:00,"America - MG","Ponte Preta - SP",3,1,2020
"4",2020-09-16 21:30:00,"Fluminense - RJ","Atlético - GO",1,0,2020
"4",2020-09-24 20:00:00,"Atlético - GO","Fluminense - RJ",3,1,2020
"4",2020-09-16 21:30:00,"Brusque - SC","Ceará - CE",0,2,2020
"4",2020-09-23 21:30:00,"Ceará - CE","Brusque - SC",5,1,2020
"4",2020-09-17 16:00:00,"Juventude - RS","Crb - AL",2,0,2020
"4",2020-09-22 19:00:00,"Crb - AL","Juventude - RS",1,0,2020
"4",2020-09-17 19:00:00,"Botafogo - RJ","Vasco da Gama - RJ",1,0,2020
"4",2020-09-23 21:30:00,"Vasco da Gama - RJ","Botafogo - RJ",0,0,2020
"5",2020-10-14 19:15:00,"Fortaleza - CE","São Paulo - SP",3,3,2020
"5",2020-10-25 20:30:00,"São Paulo - SP","Fortaleza - CE",2,2,2020
"5",2020-10-27 21:30:00,"Botafogo - RJ","Cuiabá - MT",0,1,2020
"5",2020-11-03 19:00:00,"Cuiabá - MT","Botafogo - RJ",0,0,2020
"5",2020-10-28 16:00:00,"Santos - SP","Ceará - CE",0,0,2020
"5",2020-11-04 19:00:00,"Ceará - CE","Santos - SP",1,0,2020
"5",2020-10-28 19:00:00,"Atlético - GO","Internacional - RS",1,2,2020
"5",2020-11-03 21:30:00,"Internacional - RS","Atlético - GO",2,1,2020
"5",2020-10-28 21:30:00,"Athletico Paranaense - PR","Flamengo - RJ",0,1,2020
"5",2020-11-04 21:30:00,"Flamengo - RJ","Athletico Paranaense - PR",3,2,2020
"5",2020-10-28 21:30:00,"Corinthians - SP","America - MG",0,1,2020
"5",2020-11-04 21:30:00,"America - MG","Corinthians - SP",1,1,2020
"5",2020-10-29 19:00:00,"Red Bull Bragantino - SP","Palmeiras - SP",1,3,2020
"5",2020-11-05 19:00:00,"Palmeiras - SP","Red Bull Bragantino - SP",1,0,2020
"5",2020-10-29 21:30:00,"Grêmio - RS","Juventude - RS",1,0,2020
"5",2020-11-05 21:30:00,"Juventude - RS","Grêmio - RS",0,1,2020
"6",2020-11-11 16:30:00,"Palmeiras - SP","Ceará - CE",3,0,2020
"6",2020-11-18 19:00:00,"Ceará - CE","Palmeiras - SP",2,2,2020
"6",2020-11-11 19:00:00,"Cuiabá - MT","Grêmio - RS",1,2,2020
"6",2020-11-18 16:30:00,"Grêmio - RS","Cuiabá - MT",2,0,2020
"6",2020-11-11 21:30:00,"Flamengo - RJ","São Paulo - SP",1,2,2020
"6",2020-11-18 21:30:00,"São Paulo - SP","Flamengo - RJ",3,0,2020
"6",2020-11-11 21:30:00,"Internacional - RS","America - MG",0,1,2020
"6",2020-11-18 21:30:00,"America - MG","Internacional - RS",0,1,2020
"7",2020-12-23 21:30:00,"Grêmio - RS","São Paulo - SP",1,0,2020
"7",2020-12-30 21:30:00,"São Paulo - SP","Grêmio - RS",0,0,2020
"7",2020-12-23 21:30:00,"Palmeiras - SP","America - MG",1,1,2020
"7",2020-12-30 21:30:00,"America - MG","Palmeiras - SP",0,2,2020
"8",2021-02-28 21:00:00,"Grêmio - RS","Palmeiras - SP",0,1,2020
"8",2021-03-07 18:00:00,"Palmeiras - SP","Grêmio - RS",2,0,2020
"1",2021-03-09 19:15:00,"Águia Negra - MS","Vitória - BA",0,1,2021
"1",2021-03-09 21:30:00,"Campinense - PB","Bahia - BA",1,7,2021
"1",2021-03-10 15:30:00,"Madureira - RJ","Paysandu - PA",0,1,2021
"1",2021-03-10 15:30:00,"Gama - DF","Ponte Preta - SP",1,2,2021
"1",2021-03-10 16:00:00,"4 de Julho - PI","Confiança - SE",1,0,2021
"1",2021-03-10 18:00:00,"Rio Branco - ES","Sampaio Corrêa - MA",2,1,2021
"1",2021-03-10 18:00:00,"Cianorte - PR","Paraná - PR",1,0,2021
"1",2021-03-10 19:15:00,"Juazeirense - BA","Sport - PE",3,2,2021
"1",2021-03-10 21:30:00,"Moto Club - MA","Botafogo - RJ",0,5,2021
"1",2021-03-11 15:30:00,"Real Brasília - DF","América - RN",0,2,2021
"1",2021-03-11 17:00:00,"Uberlândia - MG","Luverdense - MT",1,1,2021
"1",2021-03-11 19:15:00,"São Raimundo - RR","Cruzeiro - MG",1,1,2021
"1",2021-03-11 21:30:00,"Boavista - RJ","Goiás - GO",3,1,2021
"1",2021-03-16 19:15:00,"Crb - AL","Cuiabá - MT",0,0,2021
"1",2021-03-16 21:30:00,"Murici - AL","Juventude - RS",0,3,2021
"1",2021-03-17 15:30:00,"Castanhal - PA","Volta Redonda - RJ",0,3,2021
"1",2021-03-17 15:30:00,"Juventude - MA","Operário - PR",0,2,2021
"1",2021-03-17 15:30:00,"Rio Branco - Vn - ES","Abc - RN",1,1,2021
"1",2021-03-17 15:30:00,"Guarany de Sobral - CE","Csa - AL",1,5,2021
"1",2021-03-17 16:00:00,"Picos - PI","Atlético - AC",1,0,2021
"1",2021-03-17 16:30:00,"Nova Mutum - MT","Tombense - MG",0,0,2021
"1",2021-03-17 17:00:00,"Atlético - BA","Vila Nova - GO",0,3,2021
"1",2021-03-17 17:00:00,"Galvez - AC","Atlético - GO",1,3,2021
"1",2021-03-17 18:00:00,"Retrô - PE","Brusque - SC",1,0,2021
"1",2021-03-17 20:00:00,"Esportivo - RS","Remo - PA",0,2,2021
"1",2021-03-17 20:00:00,"Caxias - RS","Fortaleza - CE",0,1,2021
"1",2021-03-17 20:00:00,"Santa Cruz - RS","Joinville - SC",0,0,2021
"1",2021-03-17 21:30:00,"Salgueiro - PE","Corinthians - SP",0,3,2021
"1",2021-03-18 15:30:00,"Marilia - SP","Criciúma - SC",0,0,2021
"1",2021-03-18 17:30:00,"União - MT","Coritiba - PR",0,1,2021
"1",2021-03-18 17:30:00,"Caldense - MG","Vasco da Gama - RJ",1,1,2021
"1",2021-03-18 18:00:00,"Treze - PB","America - MG",0,1,2021
"1",2021-03-18 18:00:00,"Fc Cascavel - PR","Figueirense - SC",2,1,2021
"1",2021-03-18 20:00:00,"Mirassol - SP","Red Bull Bragantino - SP",2,3,2021
"1",2021-03-18 20:00:00,"Penarol - AM","Ypiranga - RS",1,1,2021
"1",2021-03-25 15:30:00,"Palmas Ltda - TO","Avaí - SC",0,1,2021
"1",2021-03-25 15:30:00,"Porto Velho - RO","Ferroviário - CE",0,1,2021
"1",2021-03-26 15:30:00,"Jaraguá - GO","Manaus - AM",1,4,2021
"1",2021-03-26 15:30:00,"Ypiranga - AP","Santa Cruz - PE",0,4,2021
"1",2021-03-27 15:30:00,"Goianesia - GO","Crb - AL",2,3,2021
"2",2021-03-26 21:30:00,"Corinthians - SP","Retrô - PE",1,1,2021
"2",2021-04-01 17:00:00,"Luverdense - MT","Red Bull Bragantino - SP",1,2,2021
"2",2021-04-06 19:00:00,"Coritiba - PR","Operário - PR",3,2,2021
"2",2021-04-06 21:30:00,"Fortaleza - CE","Ypiranga - RS",1,0,2021
"2",2021-04-07 16:00:00,"Picos - PI","Boavista - RJ",0,1,2021
"2",2021-04-07 16:00:00,"Juazeirense - BA","Volta Redonda - RJ",3,3,2021
"2",2021-04-07 19:00:00,"Vitória - BA","Rio Branco - ES",2,0,2021
"2",2021-04-07 21:30:00,"Bahia - BA","Manaus - AM",4,1,2021
"2",2021-04-07 21:30:00,"Tombense - MG","Vasco da Gama - RJ",1,2,2021
"2",2021-04-08 19:00:00,"Criciúma - SC","Ponte Preta - SP",1,1,2021
"2",2021-04-08 21:30:00,"Vila Nova - GO","Juventude - RS",1,1,2021
"2",2021-04-13 16:45:00,"Paysandu - PA","Crb - AL",1,2,2021
"2",2021-04-13 19:00:00,"Cianorte - PR","Santa Cruz - PE",1,0,2021
"2",2021-04-13 21:30:00,"Csa - AL","Remo - PA",1,1,2021
"2",2021-04-14 19:00:00,"America - MG","Ferroviário - CE",1,1,2021
"2",2021-04-14 21:30:00,"Abc - RN","Botafogo - RJ",1,1,2021
"2",2021-04-14 21:30:00,"América - RN","Cruzeiro - MG",0,1,2021
"2",2021-04-15 19:00:00,"Avaí - SC","Fc Cascavel - PR",2,0,2021
"2",2021-04-15 19:00:00,"4 de Julho - PI","Cuiabá - MT",0,0,2021
"2",2021-04-15 21:30:00,"Joinville - SC","Atlético - GO",0,2,2021
"3",2021-06-01 16:30:00,"Vila Nova - GO","Bahia - BA",0,1,2021
"3",2021-06-09 19:00:00,"Bahia - BA","Vila Nova - GO",1,0,2021
"3",2021-06-01 19:00:00,"Cianorte - PR","Santos - SP",0,2,2021
"3",2021-06-08 16:30:00,"Santos - SP","Cianorte - PR",1,0,2021
"3",2021-06-01 21:30:00,"Boavista - RJ","Vasco da Gama - RJ",0,1,2021
"3",2021-06-09 16:30:00,"Vasco da Gama - RJ","Boavista - RJ",1,1,2021
"3",2021-06-01 21:30:00,"4 de Julho - PI","São Paulo - SP",3,2,2021
"3",2021-06-08 19:00:00,"São Paulo - SP","4 de Julho - PI",9,1,2021
"3",2021-06-02 16:30:00,"Grêmio - RS","Brasiliense - DF",2,0,2021
"3",2021-06-10 15:30:00,"Brasiliense - DF","Grêmio - RS",0,0,2021
"3",2021-06-02 16:30:00,"Chapecoense - SC","Abc - RN",3,1,2021
"3",2021-06-09 16:30:00,"Abc - RN","Chapecoense - SC",3,0,2021
"3",2021-06-02 19:00:00,"Fortaleza - CE","Ceará - CE",1,1,2021
"3",2021-06-10 21:30:00,"Ceará - CE","Fortaleza - CE",0,3,2021
"3",2021-06-02 19:00:00,"Remo - PA","Atlético Mineiro - MG",0,2,2021
"3",2021-06-10 19:00:00,"Atlético Mineiro - MG","Remo - PA",2,1,2021
"3",2021-06-02 21:30:00,"Fluminense - RJ","Red Bull Bragantino - SP",2,0,2021
"3",2021-06-09 21:30:00,"Red Bull Bragantino - SP","Fluminense - RJ",2,1,2021
"3",2021-06-02 21:30:00,"America - MG","Criciúma - SC",0,0,2021
"3",2021-06-09 21:30:00,"Criciúma - SC","America - MG",2,2,2021
"3",2021-06-02 21:30:00,"Corinthians - SP","Atlético - GO",0,2,2021
"3",2021-06-09 21:30:00,"Atlético - GO","Corinthians - SP",0,0,2021
"3",2021-06-03 16:30:00,"Cruzeiro - MG","Juazeirense - BA",1,0,2021
"3",2021-06-09 19:00:00,"Juazeirense - BA","Cruzeiro - MG",1,0,2021
"3",2021-06-03 19:00:00,"Avaí - SC","Athletico Paranaense - PR",1,1,2021
"3",2021-06-09 19:00:00,"Athletico Paranaense - PR","Avaí - SC",1,0,2021
"3",2021-06-03 19:00:00,"Vitória - BA","Internacional - RS",0,1,2021
"3",2021-06-10 21:30:00,"Internacional - RS","Vitória - BA",1,3,2021
"3",2021-06-03 21:30:00,"Crb - AL","Palmeiras - SP",0,1,2021
"3",2021-06-09 19:00:00,"Palmeiras - SP","Crb - AL",0,1,2021
"3",2021-06-10 19:00:00,"Coritiba - PR","Flamengo - RJ",0,1,2021
"3",2021-06-16 21:30:00,"Flamengo - RJ","Coritiba - PR",2,0,2021
"4",2021-07-27 19:15:00,"Criciúma - SC","Fluminense - RJ",NA,NA,2021
"4",2021-08-03 19:15:00,"Fluminense - RJ","Criciúma - SC",NA,NA,2021
"4",2021-07-27 21:30:00,"Vitória - BA","Grêmio - RS",NA,NA,2021
"4",2021-08-03 21:30:00,"Grêmio - RS","Vitória - BA",NA,NA,2021
"4",2021-07-28 16:00:00,"Athletico Paranaense - PR","Atlético - GO",NA,NA,2021
"4",2021-08-05 19:15:00,"Atlético - GO","Athletico Paranaense - PR",NA,NA,2021
"4",2021-07-28 19:15:00,"Santos - SP","Juazeirense - BA",NA,NA,2021
"4",2021-08-04 19:15:00,"Juazeirense - BA","Santos - SP",NA,NA,2021
"4",2021-07-28 21:30:00,"São Paulo - SP","Vasco da Gama - RJ",NA,NA,2021
"4",2021-08-04 21:30:00,"Vasco da Gama - RJ","São Paulo - SP",NA,NA,2021
"4",2021-07-28 21:30:00,"Atlético Mineiro - MG","Bahia - BA",NA,NA,2021
"4",2021-08-04 21:30:00,"Bahia - BA","Atlético Mineiro - MG",NA,NA,2021
"4",2021-07-29 16:30:00,"Fortaleza - CE","Crb - AL",NA,NA,2021
"4",2021-08-05 16:00:00,"Crb - AL","Fortaleza - CE",NA,NA,2021
"4",2021-07-29 20:00:00,"Flamengo - RJ","Abc - RN",NA,NA,2021
"4",2021-08-05 21:30:00,"Abc - RN","Flamengo - RJ",NA,NA,2021
